{"ClientPerFileChecksums":{"AppCheckerResult.sarif":"C4_V0mhrXgYfrXbSThRNvtZgtgkc4MQ7OfK1PzI2x31xJg=","Assets\\Images\\0001.png":"C4_GXYIzfvyNTkSjn8MUYEatCosOFY0o4ovBYnY6Y3nhX0=","Assets\\Images\\0002.png":"C4_Ngy00yzL1U3quJXKdOMxppVKOfKSYBsq3H5tpSbhvjY=","Assets\\Images\\0003.png":"C4_\u002B/xT69uqW1sFXTxKInEMZ\u002BaXWaMoChLGx1Bc/tG8LOw=","Assets\\Images\\0004.png":"C4_mWikJppTe4DKVw399DLKktvQ3270T9wcWqXBEC7ExTg=","Controls\\1.json":"C4_TKQnRL9WrGdoDcY2qd3wig7eXLOJxXlfK72A0hi0AWs=","Controls\\110.json":"C4_3T5OrRzaF1txbLvwskWyoYEEIui1dHpj\u002BNFf4Ly6LcU=","Controls\\132.json":"C4_0iA/8j06Ao\u002B\u002B5d55Kr\u002B9WJzZIXax/oIvIE3jZ/Y2oeI=","Controls\\14.json":"C4_bs5iq8cucM9kils1kipU\u002ByF97/4yuLeCuAoKmA/G8Ls=","Controls\\146.json":"C4_Z2xfk5YPeNNwmqtg85SbB/eysL4996IsoHi3ejtWSJU=","Controls\\161.json":"C4_R1hRF\u002BrdH0\u002BT7/RB7c\u002B66VLFzAgvycgW/E7TwECPfA8=","Controls\\183.json":"C4_JOwHUphGriCU4tyfVS/Tc9B4F5kmKWo0kfP4DxXTbT4=","Controls\\197.json":"C4_PsjymHQiKLhM6sZRma5V\u002B5rGxTefzYFnWpurBU4cDLg=","Controls\\21.json":"C4_TL5\u002Bmv1FfThXkOgENTemLaz5iCgyc36lEuygxyhCZTk=","Controls\\210.json":"C4_Y1t6RBFJ08n/8WggP9gQw0rPQE3RZmm27EvhMoFlI3s=","Controls\\223.json":"C4_UzjcWM6R7EZB4EkvoCkJGnsKb3r6BVGCfQsErD3oQtw=","Controls\\3.json":"C4_RdKL67NWLHn3QgwK58jVRsbHWmvLVs3qTjniTMJx5sI=","Controls\\43.json":"C4_P3M1MstW2UXIXJpc3Ky6o2B7eyeIHJWKfyu1B4Sf5lo=","Controls\\65.json":"C4_R4h4lmJOGH\u002BY1sPSoUd\u002BwhXTPZpgeZljDbLXSc3pO\u002B8=","Controls\\87.json":"C4_owh5IvqAY64QhiWUG\u002BoIgLI8sPf8MRt0Koy/bOoYCDU=","Header.json":"C4_ZMaw5Q5MooPWsTWX/B4MGgImKa\u002B68ESqv2JVxgS0W1g=","Properties.json":"C4_HNHDaPY4txUPr3q218zgdOkbDZreIMBTb4DSNuwiYqA=","References\\DataSources.json":"C4_cJkq\u002BL/KVdKzrymsBeXnTdQwauWGHKyJGHpZU1HSThE=","References\\Resources.json":"C4_aTdlwAPddbX4rBgKKIR/igQTrbQD/Npj6PeQg32PYj4=","References\\Templates.json":"C4_/hUeEqeCTsSM3Xou2hFvcJOugBtpyZw7Fk1MiITlkYc=","References\\Themes.json":"C4_zf8P6UuWSO7PwrbFDEPwOHOQ8OAQ9URzR5/wyEsFelc=","Resources\\PublishInfo.json":"C4_dTRt5nMgQVVoQSRWmvGo2drFL4sxikPW/GqLKBNNQKk=","Resources\\xvdpcxld.jpg":"C4_Gi\u002BAwPGw/fosYOFO\u002BfuZu\u002BcPKDuhMYdE5u0YY32IjdQ="},"ServerStampedChecksum":"C4_YsqbovxxGFyyO6aLDfhZliURs\u002BocyrsyZXDTz0l9tvE="}