{"TopParent":{"Type":"ControlInfo","Name":"HIDDENPROPERTIES","Template":{"Id":"http://microsoft.com/appmagic/screen","Version":"1.0","LastModifiedTimestamp":"0","Name":"screen","FirstParty":true,"IsPremiumPcfControl":false,"IsCustomGroupControlTemplate":false,"CustomGroupControlTemplateName":"","IsComponentDefinition":false,"OverridableProperties":{}},"Index":13.0,"PublishOrderIndex":0,"VariantName":"","LayoutName":"","MetaDataIDKey":"","PersistMetaDataIDKey":false,"IsFromScreenLayout":false,"StyleName":"defaultScreenStyle","Parent":"","IsDataControl":false,"IsGroupControl":false,"IsAutoGenerated":false,"Rules":[{"Property":"Fill","Category":"Design","InvariantScript":"White","RuleProviderType":"Unknown"},{"Property":"ImagePosition","Category":"Design","InvariantScript":"ImagePosition.Fit","RuleProviderType":"Unknown"},{"Property":"Height","Category":"Design","InvariantScript":"Max(App.Height, App.MinScreenHeight)","RuleProviderType":"Unknown"},{"Property":"Width","Category":"Design","InvariantScript":"Max(App.Width, App.MinScreenWidth)","RuleProviderType":"Unknown"},{"Property":"Size","Category":"Design","InvariantScript":"1 + CountRows(App.SizeBreakpoints) - CountIf(App.SizeBreakpoints, Value >= Self.Width)","RuleProviderType":"Unknown"},{"Property":"Orientation","Category":"Design","InvariantScript":"If(Self.Width < Self.Height, Layout.Vertical, Layout.Horizontal)","RuleProviderType":"Unknown"},{"Property":"LoadingSpinner","Category":"Design","InvariantScript":"LoadingSpinner.None","RuleProviderType":"Unknown"},{"Property":"LoadingSpinnerColor","Category":"Design","InvariantScript":"RGBA(56, 96, 178, 1)","RuleProviderType":"Unknown"}],"ControlPropertyState":["Fill","ImagePosition","Height","Width","Size","Orientation","LoadingSpinner","LoadingSpinnerColor"],"IsLocked":false,"ControlUniqueId":"14","Children":[{"Type":"ControlInfo","Name":"Note","HasDynamicProperties":false,"Template":{"Id":"http://microsoft.com/appmagic/label","Version":"2.3.1","LastModifiedTimestamp":"0","Name":"label","FirstParty":true,"IsPremiumPcfControl":false,"IsCustomGroupControlTemplate":false,"CustomGroupControlTemplateName":"","IsComponentDefinition":false,"OverridableProperties":{}},"Index":0.0,"PublishOrderIndex":213,"VariantName":"","LayoutName":"","MetaDataIDKey":"","PersistMetaDataIDKey":false,"IsFromScreenLayout":false,"StyleName":"defaultLabelStyle","Parent":"HIDDENPROPERTIES","IsDataControl":false,"IsGroupControl":false,"IsAutoGenerated":false,"Rules":[{"Property":"Role","Category":"Data","InvariantScript":"TextRole.Default","RuleProviderType":"Unknown"},{"Property":"Text","Category":"Data","InvariantScript":"\"****Set the colours for buttons used on the other screens - easier for bulk changes\"","RuleProviderType":"Unknown"},{"Property":"Live","Category":"Data","InvariantScript":"Live.Off","RuleProviderType":"Unknown"},{"Property":"Size","Category":"Design","InvariantScript":"21","RuleProviderType":"Unknown"},{"Property":"FocusedBorderThickness","Category":"Design","InvariantScript":"0","RuleProviderType":"Unknown"},{"Property":"BorderThickness","Category":"Design","InvariantScript":"0","RuleProviderType":"Unknown"},{"Property":"LineHeight","Category":"Design","InvariantScript":"1.2","RuleProviderType":"Unknown"},{"Property":"ZIndex","Category":"Design","InvariantScript":"6","RuleProviderType":"Unknown"},{"Property":"DisplayMode","Category":"Design","InvariantScript":"DisplayMode.Edit","RuleProviderType":"Unknown"},{"Property":"PaddingLeft","Category":"Design","InvariantScript":"5","RuleProviderType":"Unknown"},{"Property":"PaddingBottom","Category":"Design","InvariantScript":"5","RuleProviderType":"Unknown"},{"Property":"Height","Category":"Design","InvariantScript":"104","RuleProviderType":"Unknown"},{"Property":"Width","Category":"Design","InvariantScript":"560","RuleProviderType":"Unknown"},{"Property":"PaddingRight","Category":"Design","InvariantScript":"5","RuleProviderType":"Unknown"},{"Property":"PaddingTop","Category":"Design","InvariantScript":"5","RuleProviderType":"Unknown"},{"Property":"Y","Category":"Design","InvariantScript":"22","RuleProviderType":"Unknown"},{"Property":"Strikethrough","Category":"Design","InvariantScript":"false","RuleProviderType":"Unknown"},{"Property":"X","Category":"Design","InvariantScript":"40","RuleProviderType":"Unknown"},{"Property":"VerticalAlign","Category":"Design","InvariantScript":"VerticalAlign.Middle","RuleProviderType":"Unknown"},{"Property":"Underline","Category":"Design","InvariantScript":"false","RuleProviderType":"Unknown"},{"Property":"Italic","Category":"Design","InvariantScript":"false","RuleProviderType":"Unknown"},{"Property":"Align","Category":"Design","InvariantScript":"Align.Left","RuleProviderType":"Unknown"},{"Property":"FontWeight","Category":"Design","InvariantScript":"FontWeight.Normal","RuleProviderType":"Unknown"},{"Property":"Font","Category":"Design","InvariantScript":"Font.Verdana","RuleProviderType":"Unknown"},{"Property":"DisabledFill","Category":"Design","InvariantScript":"RGBA(0, 0, 0, 0)","RuleProviderType":"Unknown"},{"Property":"Fill","Category":"Design","InvariantScript":"RGBA(0, 0, 0, 0)","RuleProviderType":"Unknown"},{"Property":"BorderStyle","Category":"Design","InvariantScript":"BorderStyle.Solid","RuleProviderType":"Unknown"},{"Property":"DisabledBorderColor","Category":"Design","InvariantScript":"RGBA(56, 56, 56, 1)","RuleProviderType":"Unknown"},{"Property":"BorderColor","Category":"Design","InvariantScript":"RGBA(0, 18, 107, 1)","RuleProviderType":"Unknown"},{"Property":"DisabledColor","Category":"Design","InvariantScript":"RGBA(166, 166, 166, 1)","RuleProviderType":"Unknown"},{"Property":"Color","Category":"Design","InvariantScript":"RGBA(0, 0, 0, 1)","RuleProviderType":"Unknown"},{"Property":"Overflow","Category":"Design","InvariantScript":"Overflow.Hidden","RuleProviderType":"Unknown"},{"Property":"HoverFill","Category":"Design","InvariantScript":"Self.Fill","RuleProviderType":"Unknown"},{"Property":"PressedFill","Category":"Design","InvariantScript":"Self.Fill","RuleProviderType":"Unknown"},{"Property":"FocusedBorderColor","Category":"Design","InvariantScript":"Self.BorderColor","RuleProviderType":"Unknown"},{"Property":"HoverBorderColor","Category":"Design","InvariantScript":"Self.BorderColor","RuleProviderType":"Unknown"},{"Property":"PressedBorderColor","Category":"Design","InvariantScript":"Self.BorderColor","RuleProviderType":"Unknown"},{"Property":"HoverColor","Category":"Design","InvariantScript":"Self.Color","RuleProviderType":"Unknown"},{"Property":"PressedColor","Category":"Design","InvariantScript":"Self.Color","RuleProviderType":"Unknown"}],"ControlPropertyState":["Live","Overflow",{"InvariantPropertyName":"Text","AutoRuleBindingEnabled":false,"AutoRuleBindingString":"\"Text\"","NameMapSourceSchema":"?","IsLockable":false,"AFDDataSourceName":""},"Role","Color","DisabledColor","PressedColor","HoverColor","BorderColor","DisabledBorderColor","PressedBorderColor","HoverBorderColor","BorderStyle","FocusedBorderColor","Fill","DisabledFill","PressedFill","HoverFill",{"InvariantPropertyName":"Font","AutoRuleBindingEnabled":false,"AutoRuleBindingString":"","NameMapSourceSchema":"?","IsLockable":false,"AFDDataSourceName":""},"FontWeight","Align","VerticalAlign","X","Y","Width","Height","DisplayMode","ZIndex","LineHeight","BorderThickness","FocusedBorderThickness","Size","Italic","Underline","Strikethrough","PaddingTop","PaddingRight","PaddingBottom","PaddingLeft"],"IsLocked":false,"ControlUniqueId":"15","Children":[]},{"Type":"ControlInfo","Name":"TypeButtonColours","HasDynamicProperties":false,"Template":{"Id":"http://microsoft.com/appmagic/button","Version":"2.0.0","LastModifiedTimestamp":"0","Name":"button","FirstParty":true,"IsPremiumPcfControl":false,"IsCustomGroupControlTemplate":false,"CustomGroupControlTemplateName":"","IsComponentDefinition":false,"OverridableProperties":{}},"Index":0.0,"PublishOrderIndex":214,"VariantName":"","LayoutName":"","MetaDataIDKey":"","PersistMetaDataIDKey":false,"IsFromScreenLayout":false,"StyleName":"defaultButtonStyle","Parent":"HIDDENPROPERTIES","IsDataControl":false,"IsGroupControl":false,"IsAutoGenerated":false,"Rules":[{"Property":"Text","Category":"Data","InvariantScript":"\"TypeButton Colours\"","RuleProviderType":"Unknown"},{"Property":"RadiusBottomRight","Category":"Design","InvariantScript":"10","RuleProviderType":"Unknown"},{"Property":"Size","Category":"Design","InvariantScript":"24","RuleProviderType":"Unknown"},{"Property":"RadiusBottomLeft","Category":"Design","InvariantScript":"10","RuleProviderType":"Unknown"},{"Property":"FocusedBorderThickness","Category":"Design","InvariantScript":"4","RuleProviderType":"Unknown"},{"Property":"Strikethrough","Category":"Design","InvariantScript":"false","RuleProviderType":"Unknown"},{"Property":"RadiusTopRight","Category":"Design","InvariantScript":"10","RuleProviderType":"Unknown"},{"Property":"Underline","Category":"Design","InvariantScript":"false","RuleProviderType":"Unknown"},{"Property":"RadiusTopLeft","Category":"Design","InvariantScript":"10","RuleProviderType":"Unknown"},{"Property":"ZIndex","Category":"Design","InvariantScript":"1","RuleProviderType":"Unknown"},{"Property":"BorderThickness","Category":"Design","InvariantScript":"2","RuleProviderType":"Unknown"},{"Property":"Height","Category":"Design","InvariantScript":"70","RuleProviderType":"Unknown"},{"Property":"Width","Category":"Design","InvariantScript":"280","RuleProviderType":"Unknown"},{"Property":"Y","Category":"Design","InvariantScript":"126","RuleProviderType":"Unknown"},{"Property":"X","Category":"Design","InvariantScript":"146","RuleProviderType":"Unknown"},{"Property":"Italic","Category":"Design","InvariantScript":"false","RuleProviderType":"Unknown"},{"Property":"VerticalAlign","Category":"Design","InvariantScript":"VerticalAlign.Middle","RuleProviderType":"Unknown"},{"Property":"Align","Category":"Design","InvariantScript":"Align.Center","RuleProviderType":"Unknown"},{"Property":"FontWeight","Category":"Design","InvariantScript":"FontWeight.Semibold","RuleProviderType":"Unknown"},{"Property":"Font","Category":"Design","InvariantScript":"Font.Verdana","RuleProviderType":"Unknown"},{"Property":"HoverFill","Category":"Design","InvariantScript":"ColorFade(RGBA(0, 0, 0, 1), -20%)","RuleProviderType":"Unknown"},{"Property":"DisabledFill","Category":"Design","InvariantScript":"RGBA(244, 244, 244, 1)","RuleProviderType":"Unknown"},{"Property":"Fill","Category":"Design","InvariantScript":"RGBA(1, 22, 39, 1)","RuleProviderType":"Unknown"},{"Property":"DisplayMode","Category":"Design","InvariantScript":"DisplayMode.Edit","RuleProviderType":"Unknown"},{"Property":"HoverColor","Category":"Design","InvariantScript":"RGBA(255, 255, 255, 1)","RuleProviderType":"Unknown"},{"Property":"DisabledColor","Category":"Design","InvariantScript":"RGBA(166, 166, 166, 1)","RuleProviderType":"Unknown"},{"Property":"Color","Category":"Design","InvariantScript":"RGBA(255, 255, 255, 1)","RuleProviderType":"Unknown"},{"Property":"BorderStyle","Category":"Design","InvariantScript":"BorderStyle.Solid","RuleProviderType":"Unknown"},{"Property":"DisabledBorderColor","Category":"Design","InvariantScript":"RGBA(166, 166, 166, 1)","RuleProviderType":"Unknown"},{"Property":"PressedColor","Category":"Design","InvariantScript":"Self.Fill","RuleProviderType":"Unknown"},{"Property":"PressedBorderColor","Category":"Design","InvariantScript":"ColorFade(RGBA(0, 0, 0, 1), -20%)","RuleProviderType":"Unknown"},{"Property":"BorderColor","Category":"Design","InvariantScript":"ColorFade(Self.Fill, -15%)","RuleProviderType":"Unknown"},{"Property":"PressedFill","Category":"Design","InvariantScript":"ColorFade(RGBA(0, 0, 0, 1), -20%)","RuleProviderType":"Unknown"},{"Property":"FocusedBorderColor","Category":"Design","InvariantScript":"Self.BorderColor","RuleProviderType":"Unknown"},{"Property":"HoverBorderColor","Category":"Design","InvariantScript":"ColorFade(Self.BorderColor, 20%)","RuleProviderType":"Unknown"}],"ControlPropertyState":[{"InvariantPropertyName":"Text","AutoRuleBindingEnabled":false,"AutoRuleBindingString":"\"Button\"","NameMapSourceSchema":"?","IsLockable":false,"AFDDataSourceName":""},"BorderColor","DisabledBorderColor",{"InvariantPropertyName":"PressedBorderColor","AutoRuleBindingEnabled":false,"AutoRuleBindingString":"Self.Fill","NameMapSourceSchema":"?","IsLockable":false,"AFDDataSourceName":""},"HoverBorderColor","BorderStyle","FocusedBorderColor","Color","DisabledColor","PressedColor","HoverColor","DisplayMode",{"InvariantPropertyName":"Fill","AutoRuleBindingEnabled":false,"AutoRuleBindingString":"","NameMapSourceSchema":"?","IsLockable":false,"AFDDataSourceName":""},"DisabledFill",{"InvariantPropertyName":"PressedFill","AutoRuleBindingEnabled":false,"AutoRuleBindingString":"Self.Color","NameMapSourceSchema":"?","IsLockable":false,"AFDDataSourceName":""},{"InvariantPropertyName":"HoverFill","AutoRuleBindingEnabled":false,"AutoRuleBindingString":"ColorFade(RGBA(56, 96, 178, 1), -20%)","NameMapSourceSchema":"?","IsLockable":false,"AFDDataSourceName":""},{"InvariantPropertyName":"Font","AutoRuleBindingEnabled":false,"AutoRuleBindingString":"Font.'Open Sans'","NameMapSourceSchema":"?","IsLockable":false,"AFDDataSourceName":""},"FontWeight","Align","VerticalAlign","X","Y","Width","Height","ZIndex","RadiusTopLeft","RadiusTopRight","RadiusBottomLeft","RadiusBottomRight","BorderThickness","FocusedBorderThickness","Size","Italic","Underline","Strikethrough"],"IsLocked":false,"ControlUniqueId":"16","Children":[]},{"Type":"ControlInfo","Name":"MensSearchPageButtons","HasDynamicProperties":false,"Template":{"Id":"http://microsoft.com/appmagic/button","Version":"2.0.0","LastModifiedTimestamp":"0","Name":"button","FirstParty":true,"IsPremiumPcfControl":false,"IsCustomGroupControlTemplate":false,"CustomGroupControlTemplateName":"","IsComponentDefinition":false,"OverridableProperties":{}},"Index":0.0,"PublishOrderIndex":215,"VariantName":"","LayoutName":"","MetaDataIDKey":"","PersistMetaDataIDKey":false,"IsFromScreenLayout":false,"StyleName":"defaultButtonStyle","Parent":"HIDDENPROPERTIES","IsDataControl":false,"IsGroupControl":false,"IsAutoGenerated":false,"Rules":[{"Property":"Text","Category":"Data","InvariantScript":"\"Mens Search Buttons\n\n\"","RuleProviderType":"Unknown"},{"Property":"RadiusTopRight","Category":"Design","InvariantScript":"10","RuleProviderType":"Unknown"},{"Property":"HoverColor","Category":"Design","InvariantScript":"RGBA(255, 255, 255, 1)","RuleProviderType":"Unknown"},{"Property":"DisabledColor","Category":"Design","InvariantScript":"RGBA(166, 166, 166, 1)","RuleProviderType":"Unknown"},{"Property":"Color","Category":"Design","InvariantScript":"RGBA(255, 255, 255, 1)","RuleProviderType":"Unknown"},{"Property":"BorderStyle","Category":"Design","InvariantScript":"BorderStyle.Solid","RuleProviderType":"Unknown"},{"Property":"DisabledBorderColor","Category":"Design","InvariantScript":"RGBA(166, 166, 166, 1)","RuleProviderType":"Unknown"},{"Property":"BorderColor","Category":"Design","InvariantScript":"ColorFade(RGBA(46, 196, 182, 1), -20%)","RuleProviderType":"Unknown"},{"Property":"PressedBorderColor","Category":"Design","InvariantScript":"Self.Fill","RuleProviderType":"Unknown"},{"Property":"DisplayMode","Category":"Design","InvariantScript":"DisplayMode.Edit","RuleProviderType":"Unknown"},{"Property":"PressedColor","Category":"Design","InvariantScript":"ColorFade(RGBA(46,196,182,1), -20%)","RuleProviderType":"Unknown"},{"Property":"Fill","Category":"Design","InvariantScript":"RGBA(46, 196, 182, 1)","RuleProviderType":"Unknown"},{"Property":"DisabledFill","Category":"Design","InvariantScript":"RGBA(244, 244, 244, 1)","RuleProviderType":"Unknown"},{"Property":"PressedFill","Category":"Design","InvariantScript":"RGBA(46,196,182,1)","RuleProviderType":"Unknown"},{"Property":"HoverFill","Category":"Design","InvariantScript":"ColorFade(RGBA(46,196,182,1), -20%)","RuleProviderType":"Unknown"},{"Property":"HoverBorderColor","Category":"Design","InvariantScript":"ColorFade(Self.BorderColor, 20%)","RuleProviderType":"Unknown"},{"Property":"Font","Category":"Design","InvariantScript":"Font.Verdana","RuleProviderType":"Unknown"},{"Property":"FontWeight","Category":"Design","InvariantScript":"FontWeight.Semibold","RuleProviderType":"Unknown"},{"Property":"Align","Category":"Design","InvariantScript":"Align.Center","RuleProviderType":"Unknown"},{"Property":"VerticalAlign","Category":"Design","InvariantScript":"VerticalAlign.Middle","RuleProviderType":"Unknown"},{"Property":"X","Category":"Design","InvariantScript":"146","RuleProviderType":"Unknown"},{"Property":"Width","Category":"Design","InvariantScript":"291","RuleProviderType":"Unknown"},{"Property":"Height","Category":"Design","InvariantScript":"105","RuleProviderType":"Unknown"},{"Property":"ZIndex","Category":"Design","InvariantScript":"2","RuleProviderType":"Unknown"},{"Property":"RadiusBottomRight","Category":"Design","InvariantScript":"10","RuleProviderType":"Unknown"},{"Property":"Size","Category":"Design","InvariantScript":"24","RuleProviderType":"Unknown"},{"Property":"RadiusBottomLeft","Category":"Design","InvariantScript":"10","RuleProviderType":"Unknown"},{"Property":"FocusedBorderThickness","Category":"Design","InvariantScript":"4","RuleProviderType":"Unknown"},{"Property":"Strikethrough","Category":"Design","InvariantScript":"false","RuleProviderType":"Unknown"},{"Property":"BorderThickness","Category":"Design","InvariantScript":"2","RuleProviderType":"Unknown"},{"Property":"RadiusTopLeft","Category":"Design","InvariantScript":"10","RuleProviderType":"Unknown"},{"Property":"Underline","Category":"Design","InvariantScript":"false","RuleProviderType":"Unknown"},{"Property":"Y","Category":"Design","InvariantScript":"234","RuleProviderType":"Unknown"},{"Property":"Italic","Category":"Design","InvariantScript":"false","RuleProviderType":"Unknown"},{"Property":"FocusedBorderColor","Category":"Design","InvariantScript":"Self.BorderColor","RuleProviderType":"Unknown"},{"Property":"OnSelect","Category":"Behavior","InvariantScript":"","RuleProviderType":"Unknown"}],"ControlPropertyState":[{"InvariantPropertyName":"Text","AutoRuleBindingEnabled":false,"AutoRuleBindingString":"\"Button\"","NameMapSourceSchema":"?","IsLockable":false,"AFDDataSourceName":""},{"InvariantPropertyName":"BorderColor","AutoRuleBindingEnabled":false,"AutoRuleBindingString":"ColorFade(Self.Fill, -15%)","NameMapSourceSchema":"?","IsLockable":false,"AFDDataSourceName":""},"DisabledBorderColor","PressedBorderColor","HoverBorderColor","BorderStyle","FocusedBorderColor","Color","DisabledColor",{"InvariantPropertyName":"PressedColor","AutoRuleBindingEnabled":false,"AutoRuleBindingString":"Self.Fill","NameMapSourceSchema":"?","IsLockable":false,"AFDDataSourceName":""},"HoverColor","DisplayMode",{"InvariantPropertyName":"Fill","AutoRuleBindingEnabled":false,"AutoRuleBindingString":"","NameMapSourceSchema":"?","IsLockable":false,"AFDDataSourceName":""},"DisabledFill",{"InvariantPropertyName":"PressedFill","AutoRuleBindingEnabled":false,"AutoRuleBindingString":"Self.Color","NameMapSourceSchema":"?","IsLockable":false,"AFDDataSourceName":""},{"InvariantPropertyName":"HoverFill","AutoRuleBindingEnabled":false,"AutoRuleBindingString":"ColorFade(RGBA(56, 96, 178, 1), -20%)","NameMapSourceSchema":"?","IsLockable":false,"AFDDataSourceName":""},{"InvariantPropertyName":"Font","AutoRuleBindingEnabled":false,"AutoRuleBindingString":"Font.'Open Sans'","NameMapSourceSchema":"?","IsLockable":false,"AFDDataSourceName":""},"FontWeight","Align","VerticalAlign","X","Y","Width","Height","ZIndex","RadiusTopLeft","RadiusTopRight","RadiusBottomLeft","RadiusBottomRight","BorderThickness","FocusedBorderThickness","Size","Italic","Underline","Strikethrough",{"InvariantPropertyName":"OnSelect","AutoRuleBindingEnabled":false,"AutoRuleBindingString":"false","NameMapSourceSchema":"?","IsLockable":false,"AFDDataSourceName":""}],"IsLocked":false,"ControlUniqueId":"17","Children":[]},{"Type":"ControlInfo","Name":"LadiesSearchPageButtons","HasDynamicProperties":false,"Template":{"Id":"http://microsoft.com/appmagic/button","Version":"2.0.0","LastModifiedTimestamp":"0","Name":"button","FirstParty":true,"IsPremiumPcfControl":false,"IsCustomGroupControlTemplate":false,"CustomGroupControlTemplateName":"","IsComponentDefinition":false,"OverridableProperties":{}},"Index":0.0,"PublishOrderIndex":216,"VariantName":"","LayoutName":"","MetaDataIDKey":"","PersistMetaDataIDKey":false,"IsFromScreenLayout":false,"StyleName":"defaultButtonStyle","Parent":"HIDDENPROPERTIES","IsDataControl":false,"IsGroupControl":false,"IsAutoGenerated":false,"Rules":[{"Property":"Text","Category":"Data","InvariantScript":"\"Ladies Search Buttons\n\n\"","RuleProviderType":"Unknown"},{"Property":"Strikethrough","Category":"Design","InvariantScript":"false","RuleProviderType":"Unknown"},{"Property":"HoverColor","Category":"Design","InvariantScript":"RGBA(255, 255, 255, 1)","RuleProviderType":"Unknown"},{"Property":"RadiusTopRight","Category":"Design","InvariantScript":"10","RuleProviderType":"Unknown"},{"Property":"RadiusBottomRight","Category":"Design","InvariantScript":"10","RuleProviderType":"Unknown"},{"Property":"Size","Category":"Design","InvariantScript":"24","RuleProviderType":"Unknown"},{"Property":"RadiusBottomLeft","Category":"Design","InvariantScript":"10","RuleProviderType":"Unknown"},{"Property":"FocusedBorderThickness","Category":"Design","InvariantScript":"4","RuleProviderType":"Unknown"},{"Property":"Underline","Category":"Design","InvariantScript":"false","RuleProviderType":"Unknown"},{"Property":"RadiusTopLeft","Category":"Design","InvariantScript":"10","RuleProviderType":"Unknown"},{"Property":"ZIndex","Category":"Design","InvariantScript":"3","RuleProviderType":"Unknown"},{"Property":"BorderThickness","Category":"Design","InvariantScript":"2","RuleProviderType":"Unknown"},{"Property":"Height","Category":"Design","InvariantScript":"105","RuleProviderType":"Unknown"},{"Property":"Width","Category":"Design","InvariantScript":"291","RuleProviderType":"Unknown"},{"Property":"Y","Category":"Design","InvariantScript":"386","RuleProviderType":"Unknown"},{"Property":"X","Category":"Design","InvariantScript":"146","RuleProviderType":"Unknown"},{"Property":"VerticalAlign","Category":"Design","InvariantScript":"VerticalAlign.Middle","RuleProviderType":"Unknown"},{"Property":"Align","Category":"Design","InvariantScript":"Align.Center","RuleProviderType":"Unknown"},{"Property":"FontWeight","Category":"Design","InvariantScript":"FontWeight.Semibold","RuleProviderType":"Unknown"},{"Property":"Font","Category":"Design","InvariantScript":"Font.Verdana","RuleProviderType":"Unknown"},{"Property":"HoverFill","Category":"Design","InvariantScript":"ColorFade(RGBA(231, 29, 28,1), -20%)","RuleProviderType":"Unknown"},{"Property":"DisabledFill","Category":"Design","InvariantScript":"RGBA(244, 244, 244, 1)","RuleProviderType":"Unknown"},{"Property":"Fill","Category":"Design","InvariantScript":"RGBA(231, 29, 54, 1)","RuleProviderType":"Unknown"},{"Property":"DisplayMode","Category":"Design","InvariantScript":"DisplayMode.Edit","RuleProviderType":"Unknown"},{"Property":"DisabledColor","Category":"Design","InvariantScript":"RGBA(166, 166, 166, 1)","RuleProviderType":"Unknown"},{"Property":"Color","Category":"Design","InvariantScript":"RGBA(255, 255, 255, 1)","RuleProviderType":"Unknown"},{"Property":"BorderStyle","Category":"Design","InvariantScript":"BorderStyle.Solid","RuleProviderType":"Unknown"},{"Property":"DisabledBorderColor","Category":"Design","InvariantScript":"RGBA(166, 166, 166, 1)","RuleProviderType":"Unknown"},{"Property":"PressedColor","Category":"Design","InvariantScript":"ColorFade(RGBA(231, 29, 54, 1), -20%)","RuleProviderType":"Unknown"},{"Property":"PressedBorderColor","Category":"Design","InvariantScript":"Self.Fill","RuleProviderType":"Unknown"},{"Property":"BorderColor","Category":"Design","InvariantScript":"ColorFade(Self.Fill, -15%)","RuleProviderType":"Unknown"},{"Property":"PressedFill","Category":"Design","InvariantScript":"RGBA(231, 29, 54, 1)","RuleProviderType":"Unknown"},{"Property":"FocusedBorderColor","Category":"Design","InvariantScript":"Self.BorderColor","RuleProviderType":"Unknown"},{"Property":"Italic","Category":"Design","InvariantScript":"false","RuleProviderType":"Unknown"},{"Property":"HoverBorderColor","Category":"Design","InvariantScript":"ColorFade(Self.BorderColor, 20%)","RuleProviderType":"Unknown"},{"Property":"OnSelect","Category":"Behavior","InvariantScript":"","RuleProviderType":"Unknown"}],"ControlPropertyState":[{"InvariantPropertyName":"Text","AutoRuleBindingEnabled":false,"AutoRuleBindingString":"\"Button\"","NameMapSourceSchema":"?","IsLockable":false,"AFDDataSourceName":""},"BorderColor","DisabledBorderColor","PressedBorderColor","HoverBorderColor","BorderStyle","FocusedBorderColor","Color","DisabledColor",{"InvariantPropertyName":"PressedColor","AutoRuleBindingEnabled":false,"AutoRuleBindingString":"Self.Fill","NameMapSourceSchema":"?","IsLockable":false,"AFDDataSourceName":""},"HoverColor","DisplayMode",{"InvariantPropertyName":"Fill","AutoRuleBindingEnabled":false,"AutoRuleBindingString":"","NameMapSourceSchema":"?","IsLockable":false,"AFDDataSourceName":""},"DisabledFill",{"InvariantPropertyName":"PressedFill","AutoRuleBindingEnabled":false,"AutoRuleBindingString":"","NameMapSourceSchema":"?","IsLockable":false,"AFDDataSourceName":""},{"InvariantPropertyName":"HoverFill","AutoRuleBindingEnabled":false,"AutoRuleBindingString":"ColorFade(RGBA(56, 96, 178, 1), -20%)","NameMapSourceSchema":"?","IsLockable":false,"AFDDataSourceName":""},{"InvariantPropertyName":"Font","AutoRuleBindingEnabled":false,"AutoRuleBindingString":"Font.'Open Sans'","NameMapSourceSchema":"?","IsLockable":false,"AFDDataSourceName":""},"FontWeight","Align","VerticalAlign","X","Y","Width","Height","ZIndex","RadiusTopLeft","RadiusTopRight","RadiusBottomLeft","RadiusBottomRight","BorderThickness","FocusedBorderThickness","Size","Italic","Underline","Strikethrough",{"InvariantPropertyName":"OnSelect","AutoRuleBindingEnabled":false,"AutoRuleBindingString":"false","NameMapSourceSchema":"?","IsLockable":false,"AFDDataSourceName":""}],"IsLocked":false,"ControlUniqueId":"18","Children":[]},{"Type":"ControlInfo","Name":"BrandAndProductButtons","HasDynamicProperties":false,"Template":{"Id":"http://microsoft.com/appmagic/button","Version":"2.0.0","LastModifiedTimestamp":"0","Name":"button","FirstParty":true,"IsPremiumPcfControl":false,"IsCustomGroupControlTemplate":false,"CustomGroupControlTemplateName":"","IsComponentDefinition":false,"OverridableProperties":{}},"Index":0.0,"PublishOrderIndex":217,"VariantName":"","LayoutName":"","MetaDataIDKey":"","PersistMetaDataIDKey":false,"IsFromScreenLayout":false,"StyleName":"defaultButtonStyle","Parent":"HIDDENPROPERTIES","IsDataControl":false,"IsGroupControl":false,"IsAutoGenerated":false,"Rules":[{"Property":"Text","Category":"Data","InvariantScript":"\"BrandAndProductButtons\"","RuleProviderType":"Unknown"},{"Property":"RadiusBottomRight","Category":"Design","InvariantScript":"10","RuleProviderType":"Unknown"},{"Property":"Size","Category":"Design","InvariantScript":"24","RuleProviderType":"Unknown"},{"Property":"RadiusBottomLeft","Category":"Design","InvariantScript":"10","RuleProviderType":"Unknown"},{"Property":"FocusedBorderThickness","Category":"Design","InvariantScript":"4","RuleProviderType":"Unknown"},{"Property":"Strikethrough","Category":"Design","InvariantScript":"false","RuleProviderType":"Unknown"},{"Property":"RadiusTopRight","Category":"Design","InvariantScript":"10","RuleProviderType":"Unknown"},{"Property":"Underline","Category":"Design","InvariantScript":"false","RuleProviderType":"Unknown"},{"Property":"RadiusTopLeft","Category":"Design","InvariantScript":"10","RuleProviderType":"Unknown"},{"Property":"ZIndex","Category":"Design","InvariantScript":"4","RuleProviderType":"Unknown"},{"Property":"BorderThickness","Category":"Design","InvariantScript":"2","RuleProviderType":"Unknown"},{"Property":"Height","Category":"Design","InvariantScript":"122","RuleProviderType":"Unknown"},{"Property":"Width","Category":"Design","InvariantScript":"280","RuleProviderType":"Unknown"},{"Property":"Y","Category":"Design","InvariantScript":"534","RuleProviderType":"Unknown"},{"Property":"X","Category":"Design","InvariantScript":"151","RuleProviderType":"Unknown"},{"Property":"Italic","Category":"Design","InvariantScript":"false","RuleProviderType":"Unknown"},{"Property":"VerticalAlign","Category":"Design","InvariantScript":"VerticalAlign.Middle","RuleProviderType":"Unknown"},{"Property":"Align","Category":"Design","InvariantScript":"Align.Center","RuleProviderType":"Unknown"},{"Property":"FontWeight","Category":"Design","InvariantScript":"FontWeight.Semibold","RuleProviderType":"Unknown"},{"Property":"Font","Category":"Design","InvariantScript":"Font.Verdana","RuleProviderType":"Unknown"},{"Property":"HoverFill","Category":"Design","InvariantScript":"ColorFade(RGBA(1, 22, 39, 1), -20%)","RuleProviderType":"Unknown"},{"Property":"DisabledFill","Category":"Design","InvariantScript":"RGBA(244, 244, 244, 1)","RuleProviderType":"Unknown"},{"Property":"Fill","Category":"Design","InvariantScript":"RGBA(1, 22, 39, 1)","RuleProviderType":"Unknown"},{"Property":"DisplayMode","Category":"Design","InvariantScript":"DisplayMode.Edit","RuleProviderType":"Unknown"},{"Property":"HoverColor","Category":"Design","InvariantScript":"RGBA(255, 255, 255, 1)","RuleProviderType":"Unknown"},{"Property":"DisabledColor","Category":"Design","InvariantScript":"RGBA(166, 166, 166, 1)","RuleProviderType":"Unknown"},{"Property":"Color","Category":"Design","InvariantScript":"RGBA(255, 255, 255, 1)","RuleProviderType":"Unknown"},{"Property":"BorderStyle","Category":"Design","InvariantScript":"BorderStyle.Solid","RuleProviderType":"Unknown"},{"Property":"DisabledBorderColor","Category":"Design","InvariantScript":"RGBA(166, 166, 166, 1)","RuleProviderType":"Unknown"},{"Property":"PressedColor","Category":"Design","InvariantScript":"Self.Fill","RuleProviderType":"Unknown"},{"Property":"PressedBorderColor","Category":"Design","InvariantScript":"Self.Fill","RuleProviderType":"Unknown"},{"Property":"BorderColor","Category":"Design","InvariantScript":"ColorFade(Self.Fill, -15%)","RuleProviderType":"Unknown"},{"Property":"PressedFill","Category":"Design","InvariantScript":"ColorFade(RGBA(0, 0, 0, 1), -20%)","RuleProviderType":"Unknown"},{"Property":"FocusedBorderColor","Category":"Design","InvariantScript":"Self.BorderColor","RuleProviderType":"Unknown"},{"Property":"HoverBorderColor","Category":"Design","InvariantScript":"ColorFade(Self.BorderColor, 20%)","RuleProviderType":"Unknown"}],"ControlPropertyState":[{"InvariantPropertyName":"Text","AutoRuleBindingEnabled":false,"AutoRuleBindingString":"\"Button\"","NameMapSourceSchema":"?","IsLockable":false,"AFDDataSourceName":""},"BorderColor","DisabledBorderColor","PressedBorderColor","HoverBorderColor","BorderStyle","FocusedBorderColor","Color","DisabledColor","PressedColor","HoverColor","DisplayMode",{"InvariantPropertyName":"Fill","AutoRuleBindingEnabled":false,"AutoRuleBindingString":"","NameMapSourceSchema":"?","IsLockable":false,"AFDDataSourceName":""},"DisabledFill",{"InvariantPropertyName":"PressedFill","AutoRuleBindingEnabled":false,"AutoRuleBindingString":"Self.Color","NameMapSourceSchema":"?","IsLockable":false,"AFDDataSourceName":""},{"InvariantPropertyName":"HoverFill","AutoRuleBindingEnabled":false,"AutoRuleBindingString":"ColorFade(RGBA(56, 96, 178, 1), -20%)","NameMapSourceSchema":"?","IsLockable":false,"AFDDataSourceName":""},{"InvariantPropertyName":"Font","AutoRuleBindingEnabled":false,"AutoRuleBindingString":"","NameMapSourceSchema":"?","IsLockable":false,"AFDDataSourceName":""},"FontWeight","Align","VerticalAlign","X","Y","Width","Height","ZIndex","RadiusTopLeft","RadiusTopRight","RadiusBottomLeft","RadiusBottomRight","BorderThickness","FocusedBorderThickness","Size","Italic","Underline","Strikethrough"],"IsLocked":false,"ControlUniqueId":"19","Children":[]},{"Type":"ControlInfo","Name":"BoysAndGirlsButtons","HasDynamicProperties":false,"Template":{"Id":"http://microsoft.com/appmagic/button","Version":"2.0.0","LastModifiedTimestamp":"0","Name":"button","FirstParty":true,"IsPremiumPcfControl":false,"IsCustomGroupControlTemplate":false,"CustomGroupControlTemplateName":"","IsComponentDefinition":false,"OverridableProperties":{}},"Index":0.0,"PublishOrderIndex":218,"VariantName":"","LayoutName":"","MetaDataIDKey":"","PersistMetaDataIDKey":false,"IsFromScreenLayout":false,"StyleName":"defaultButtonStyle","Parent":"HIDDENPROPERTIES","IsDataControl":false,"IsGroupControl":false,"IsAutoGenerated":false,"Rules":[{"Property":"Text","Category":"Data","InvariantScript":"\"Boys/Girls Buttons\"","RuleProviderType":"Unknown"},{"Property":"RadiusBottomRight","Category":"Design","InvariantScript":"10","RuleProviderType":"Unknown"},{"Property":"Size","Category":"Design","InvariantScript":"24","RuleProviderType":"Unknown"},{"Property":"RadiusBottomLeft","Category":"Design","InvariantScript":"10","RuleProviderType":"Unknown"},{"Property":"FocusedBorderThickness","Category":"Design","InvariantScript":"4","RuleProviderType":"Unknown"},{"Property":"Strikethrough","Category":"Design","InvariantScript":"false","RuleProviderType":"Unknown"},{"Property":"RadiusTopRight","Category":"Design","InvariantScript":"10","RuleProviderType":"Unknown"},{"Property":"Underline","Category":"Design","InvariantScript":"false","RuleProviderType":"Unknown"},{"Property":"RadiusTopLeft","Category":"Design","InvariantScript":"10","RuleProviderType":"Unknown"},{"Property":"ZIndex","Category":"Design","InvariantScript":"5","RuleProviderType":"Unknown"},{"Property":"BorderThickness","Category":"Design","InvariantScript":"2","RuleProviderType":"Unknown"},{"Property":"Height","Category":"Design","InvariantScript":"104","RuleProviderType":"Unknown"},{"Property":"Width","Category":"Design","InvariantScript":"280","RuleProviderType":"Unknown"},{"Property":"Y","Category":"Design","InvariantScript":"688","RuleProviderType":"Unknown"},{"Property":"Italic","Category":"Design","InvariantScript":"false","RuleProviderType":"Unknown"},{"Property":"X","Category":"Design","InvariantScript":"151","RuleProviderType":"Unknown"},{"Property":"VerticalAlign","Category":"Design","InvariantScript":"VerticalAlign.Middle","RuleProviderType":"Unknown"},{"Property":"Align","Category":"Design","InvariantScript":"Align.Center","RuleProviderType":"Unknown"},{"Property":"FontWeight","Category":"Design","InvariantScript":"FontWeight.Semibold","RuleProviderType":"Unknown"},{"Property":"Font","Category":"Design","InvariantScript":"Font.Verdana","RuleProviderType":"Unknown"},{"Property":"HoverFill","Category":"Design","InvariantScript":"ColorFade(RGBA(255, 159, 28, 1), -10%)","RuleProviderType":"Unknown"},{"Property":"PressedFill","Category":"Design","InvariantScript":"ColorFade(RGBA(255,159,28,1), -10%)","RuleProviderType":"Unknown"},{"Property":"Fill","Category":"Design","InvariantScript":"RGBA(255, 159, 28, 1)","RuleProviderType":"Unknown"},{"Property":"DisplayMode","Category":"Design","InvariantScript":"DisplayMode.Edit","RuleProviderType":"Unknown"},{"Property":"HoverColor","Category":"Design","InvariantScript":"RGBA(255, 255, 255, 1)","RuleProviderType":"Unknown"},{"Property":"DisabledColor","Category":"Design","InvariantScript":"RGBA(166, 166, 166, 1)","RuleProviderType":"Unknown"},{"Property":"Color","Category":"Design","InvariantScript":"RGBA(255, 255, 255, 1)","RuleProviderType":"Unknown"},{"Property":"BorderStyle","Category":"Design","InvariantScript":"BorderStyle.Solid","RuleProviderType":"Unknown"},{"Property":"DisabledBorderColor","Category":"Design","InvariantScript":"RGBA(166, 166, 166, 1)","RuleProviderType":"Unknown"},{"Property":"PressedColor","Category":"Design","InvariantScript":"Self.Fill","RuleProviderType":"Unknown"},{"Property":"PressedBorderColor","Category":"Design","InvariantScript":"Self.Fill","RuleProviderType":"Unknown"},{"Property":"BorderColor","Category":"Design","InvariantScript":"ColorFade(Self.Fill, -15%)","RuleProviderType":"Unknown"},{"Property":"DisabledFill","Category":"Design","InvariantScript":"Self.DisabledColor","RuleProviderType":"Unknown"},{"Property":"FocusedBorderColor","Category":"Design","InvariantScript":"Self.BorderColor","RuleProviderType":"Unknown"},{"Property":"HoverBorderColor","Category":"Design","InvariantScript":"ColorFade(Self.BorderColor, 5%)","RuleProviderType":"Unknown"}],"ControlPropertyState":[{"InvariantPropertyName":"Text","AutoRuleBindingEnabled":false,"AutoRuleBindingString":"\"Button\"","NameMapSourceSchema":"?","IsLockable":false,"AFDDataSourceName":""},"BorderColor","DisabledBorderColor","PressedBorderColor",{"InvariantPropertyName":"HoverBorderColor","AutoRuleBindingEnabled":false,"AutoRuleBindingString":"ColorFade(Self.BorderColor, 20%)","NameMapSourceSchema":"?","IsLockable":false,"AFDDataSourceName":""},"BorderStyle","FocusedBorderColor","Color","DisabledColor","PressedColor","HoverColor","DisplayMode",{"InvariantPropertyName":"Fill","AutoRuleBindingEnabled":false,"AutoRuleBindingString":"","NameMapSourceSchema":"?","IsLockable":false,"AFDDataSourceName":""},{"InvariantPropertyName":"DisabledFill","AutoRuleBindingEnabled":false,"AutoRuleBindingString":"","NameMapSourceSchema":"?","IsLockable":false,"AFDDataSourceName":""},{"InvariantPropertyName":"PressedFill","AutoRuleBindingEnabled":false,"AutoRuleBindingString":"Self.Color","NameMapSourceSchema":"?","IsLockable":false,"AFDDataSourceName":""},{"InvariantPropertyName":"HoverFill","AutoRuleBindingEnabled":false,"AutoRuleBindingString":"ColorFade(RGBA(56, 96, 178, 1), -20%)","NameMapSourceSchema":"?","IsLockable":false,"AFDDataSourceName":""},{"InvariantPropertyName":"Font","AutoRuleBindingEnabled":false,"AutoRuleBindingString":"Font.'Open Sans'","NameMapSourceSchema":"?","IsLockable":false,"AFDDataSourceName":""},"FontWeight","Align","VerticalAlign","X","Y","Width","Height","ZIndex","RadiusTopLeft","RadiusTopRight","RadiusBottomLeft","RadiusBottomRight","BorderThickness","FocusedBorderThickness","Size","Italic","Underline","Strikethrough"],"IsLocked":false,"ControlUniqueId":"20","Children":[]}]}}