{"Resources":[{"Name":"SampleImage","Schema":"i","IsSampleData":true,"IsWritable":false,"Type":"ResourceInfo","FileName":"/ctrllib/image/images/SampleImage.svg","Path":"/ctrllib/image/images/SampleImage.svg","Content":"Image","ResourceKind":"Uri","RootPath":"ms-appx:///ctrllib/image/images/SampleImage.svg"},{"Name":"StylishYou_Logo_Main","Schema":"i","IsSampleData":false,"IsWritable":false,"Type":"ResourceInfo","FileName":"0001.png","Path":"Assets\\Images\\0001.png","Content":"Image","ResourceKind":"LocalFile","RootPath":"https://docserverpaaprodwuk.blob.core.windows.net/7d74909f-c224-4352-98d7-f7bae63b6ad0-1/resource/Assets0Images00001.png?sv=2017-04-17&sr=b&sig=ALJEwL%2FnoeMC6V%2BMY9FkztCUHAJF0dE5a4WjNxicQCU%3D&spr=https&se=2021-03-05T16%3A17%3A22Z&sp=r"},{"Name":"StylishYou_Logo_Green","Schema":"i","IsSampleData":false,"IsWritable":false,"Type":"ResourceInfo","FileName":"0002.png","Path":"Assets\\Images\\0002.png","Content":"Image","ResourceKind":"LocalFile","RootPath":"https://docserverpaaprodwuk.blob.core.windows.net/7d74909f-c224-4352-98d7-f7bae63b6ad0-1/resource/Assets0Images00002.png?sv=2017-04-17&sr=b&sig=L%2Fk1cD9lemcG5x%2BncZHt0SI34B5BQXq9b%2FvE2mZ8HpM%3D&spr=https&se=2021-03-05T16%3A17%3A22Z&sp=r"},{"Name":"StylishYou_Logo_Orange","Schema":"i","IsSampleData":false,"IsWritable":false,"Type":"ResourceInfo","FileName":"0003.png","Path":"Assets\\Images\\0003.png","Content":"Image","ResourceKind":"LocalFile","RootPath":"https://docserverpaaprodwuk.blob.core.windows.net/7d74909f-c224-4352-98d7-f7bae63b6ad0-1/resource/Assets0Images00003.png?sv=2017-04-17&sr=b&sig=k894aJU91ZljfFI75VbTkOxGtU5xdJNVDp2PkLeyqZk%3D&spr=https&se=2021-03-05T16%3A17%3A22Z&sp=r"},{"Name":"StylishYou_Logo_Red","Schema":"i","IsSampleData":false,"IsWritable":false,"Type":"ResourceInfo","FileName":"0004.png","Path":"Assets\\Images\\0004.png","Content":"Image","ResourceKind":"LocalFile","RootPath":"https://docserverpaaprodwuk.blob.core.windows.net/7d74909f-c224-4352-98d7-f7bae63b6ad0-1/resource/Assets0Images00004.png?sv=2017-04-17&sr=b&sig=L11KofE%2FCzIihzPfWnHelX1%2FU2cNllBclc8e2ALVPe0%3D&spr=https&se=2021-03-05T16%3A17%3A22Z&sp=r"}]}