{"ClientPerFileChecksums":{"AppCheckerResult.sarif":"C4_kIbg2nAzc8G4vAWmfG8SoMV\u002BoD9lxQ8C3qf8RAP/dOE=","Assets\\Images\\0001.png":"C4_GXYIzfvyNTkSjn8MUYEatCosOFY0o4ovBYnY6Y3nhX0=","Assets\\Images\\0002.png":"C4_Ngy00yzL1U3quJXKdOMxppVKOfKSYBsq3H5tpSbhvjY=","Assets\\Images\\0003.png":"C4_\u002B/xT69uqW1sFXTxKInEMZ\u002BaXWaMoChLGx1Bc/tG8LOw=","Assets\\Images\\0004.png":"C4_mWikJppTe4DKVw399DLKktvQ3270T9wcWqXBEC7ExTg=","Controls\\1.json":"C4_TKQnRL9WrGdoDcY2qd3wig7eXLOJxXlfK72A0hi0AWs=","Controls\\110.json":"C4_g59b38K9CoBAyrp391G6m3li2g/kRMpdWVrEifysRbk=","Controls\\132.json":"C4_2J9jZhSDk2mRB8O6B1Eza3Tnr9xDH9zS0zV/VnH\u002BqMs=","Controls\\14.json":"C4_bs5iq8cucM9kils1kipU\u002ByF97/4yuLeCuAoKmA/G8Ls=","Controls\\146.json":"C4_HBLqAi/jZuN2r\u002BYZ8U/NmcPo6gPr8ENhIFWgciAwBZE=","Controls\\161.json":"C4_95\u002BUBrJyVk1OlUy4fvAVwZ9RRxCA1dEepZDo\u002BHFrvmA=","Controls\\183.json":"C4_4UWjhBm7LTQvma3A\u002B8db4rEai69t1YqjC7XfSi6hnKc=","Controls\\197.json":"C4_Qaj3CRMWkuYlUiYLlcl2YP\u002BaeTpfmodrxf4sYT8zpI0=","Controls\\21.json":"C4_g/P/K7yrRpvp1uBUzr0qMLQKK8OWk\u002B0xYbqkOSPOlhI=","Controls\\210.json":"C4_yXeE1ntc0J2e\u002B29OIvIUIFpcaSSs7mw8gEUsuDmvydE=","Controls\\223.json":"C4_aLNlgBBV5VIHq5eD3wspQlP6pXPrHB4ed2opf6albvU=","Controls\\3.json":"C4_RdKL67NWLHn3QgwK58jVRsbHWmvLVs3qTjniTMJx5sI=","Controls\\43.json":"C4_1xxkkW6p\u002BDkboDrWTywBFQKKMNhLLFzRGEPCMuMpL\u002BU=","Controls\\65.json":"C4_kuV3OjQXql4DJylfYX0o7DiOSNg91XZsLlvOgDfR\u002BIU=","Controls\\87.json":"C4_g3zM0zGDhqsyz7Er3Stln5E5aeDgZ28DViKRK8JXhKk=","Header.json":"C4_vDxG3HqPQCP2lShUwb2m6Q4/MzLF8hj\u002BA9izxdtHIIA=","Properties.json":"C4_yiuiYf5StDttWASF2CPP3jEQXh4p9GlJ/fFFCDyojo4=","References\\DataSources.json":"C4_cJkq\u002BL/KVdKzrymsBeXnTdQwauWGHKyJGHpZU1HSThE=","References\\Resources.json":"C4_/5p6Vj2MUkjNBKJIcTkLo0L\u002B3K/4NVMk6GT7cp\u002BOmGc=","References\\Templates.json":"C4_/hUeEqeCTsSM3Xou2hFvcJOugBtpyZw7Fk1MiITlkYc=","References\\Themes.json":"C4_zf8P6UuWSO7PwrbFDEPwOHOQ8OAQ9URzR5/wyEsFelc=","Resources\\g2430izn.jpg":"C4_Gi\u002BAwPGw/fosYOFO\u002BfuZu\u002BcPKDuhMYdE5u0YY32IjdQ=","Resources\\PublishInfo.json":"C4_TZxS9BMwqYB1J6EkcR9ZLUlQtZsE\u002BFlLP1YcmJyfo28="},"ServerStampedChecksum":"C4_f5fyb641vZSuapMorLE/M\u002BrkcfL07E1OxnJMkWMUg0c="}