{"TopParent":{"Type":"ControlInfo","Name":"App","Template":{"Id":"http://microsoft.com/appmagic/appinfo","Version":"1.0","LastModifiedTimestamp":"0","Name":"appinfo","FirstParty":true,"IsPremiumPcfControl":false,"IsCustomGroupControlTemplate":false,"CustomGroupControlTemplateName":"","IsComponentDefinition":false,"OverridableProperties":{}},"Index":0.0,"PublishOrderIndex":0,"VariantName":"","LayoutName":"","MetaDataIDKey":"","PersistMetaDataIDKey":false,"IsFromScreenLayout":false,"StyleName":"","Parent":"","IsDataControl":true,"IsGroupControl":false,"IsAutoGenerated":false,"Rules":[{"Property":"ConfirmExit","Category":"Data","InvariantScript":"false","RuleProviderType":"Unknown"},{"Property":"MinScreenHeight","Category":"Design","InvariantScript":"640","RuleProviderType":"Unknown"},{"Property":"MinScreenWidth","Category":"Design","InvariantScript":"640","RuleProviderType":"Unknown"},{"Property":"SizeBreakpoints","Category":"ConstantData","InvariantScript":"[1200, 1800, 2400]","RuleProviderType":"Unknown"}],"ControlPropertyState":["MinScreenHeight","MinScreenWidth","ConfirmExit","SizeBreakpoints"],"IsLocked":false,"ControlUniqueId":"1","Children":[]}}