{"TopParent":{"Type":"ControlInfo","Name":"LadiesResultsScreen","Template":{"Id":"http://microsoft.com/appmagic/screen","Version":"1.0","LastModifiedTimestamp":"0","Name":"screen","FirstParty":true,"IsPremiumPcfControl":false,"IsCustomGroupControlTemplate":false,"CustomGroupControlTemplateName":"","IsComponentDefinition":false,"OverridableProperties":{}},"Index":7.0,"PublishOrderIndex":0,"VariantName":"","LayoutName":"","MetaDataIDKey":"","PersistMetaDataIDKey":false,"IsFromScreenLayout":false,"StyleName":"defaultScreenStyle","Parent":"","IsDataControl":false,"IsGroupControl":false,"IsAutoGenerated":false,"Rules":[{"Property":"Width","Category":"Design","InvariantScript":"Max(App.Width, App.MinScreenWidth)","RuleProviderType":"Unknown"},{"Property":"Height","Category":"Design","InvariantScript":"Max(App.Height, App.MinScreenHeight)","RuleProviderType":"Unknown"},{"Property":"ImagePosition","Category":"Design","InvariantScript":"ImagePosition.Fit","RuleProviderType":"Unknown"},{"Property":"Fill","Category":"Design","InvariantScript":"White","RuleProviderType":"Unknown"},{"Property":"LoadingSpinner","Category":"Design","InvariantScript":"LoadingSpinner.None","RuleProviderType":"Unknown"},{"Property":"LoadingSpinnerColor","Category":"Design","InvariantScript":"RGBA(56, 96, 178, 1)","RuleProviderType":"Unknown"},{"Property":"Size","Category":"Design","InvariantScript":"1 + CountRows(App.SizeBreakpoints) - CountIf(App.SizeBreakpoints, Value >= Self.Width)","RuleProviderType":"Unknown"},{"Property":"Orientation","Category":"Design","InvariantScript":"If(Self.Width < Self.Height, Layout.Vertical, Layout.Horizontal)","RuleProviderType":"Unknown"}],"ControlPropertyState":["Fill","ImagePosition","Height","Width","Size","Orientation","LoadingSpinner","LoadingSpinnerColor"],"IsLocked":false,"ControlUniqueId":"132","Children":[{"Type":"ControlInfo","Name":"TopBar_15","HasDynamicProperties":false,"Template":{"Id":"http://microsoft.com/appmagic/shapes/rectangle","Version":"2.1.1","LastModifiedTimestamp":"0","Name":"rectangle","FirstParty":true,"IsPremiumPcfControl":false,"IsCustomGroupControlTemplate":false,"CustomGroupControlTemplateName":"","IsComponentDefinition":false,"OverridableProperties":{}},"Index":0.0,"PublishOrderIndex":137,"VariantName":"","LayoutName":"","MetaDataIDKey":"","PersistMetaDataIDKey":false,"IsFromScreenLayout":false,"StyleName":"defaultRectangleStyle","Parent":"LadiesResultsScreen","IsDataControl":false,"IsGroupControl":false,"IsAutoGenerated":false,"Rules":[{"Property":"Width","Category":"Design","InvariantScript":"640","RuleProviderType":"Unknown"},{"Property":"FocusedBorderThickness","Category":"Design","InvariantScript":"2","RuleProviderType":"Unknown"},{"Property":"BorderThickness","Category":"Design","InvariantScript":"0","RuleProviderType":"Unknown"},{"Property":"ZIndex","Category":"Design","InvariantScript":"2","RuleProviderType":"Unknown"},{"Property":"Y","Category":"Design","InvariantScript":"0","RuleProviderType":"Unknown"},{"Property":"X","Category":"Design","InvariantScript":"0","RuleProviderType":"Unknown"},{"Property":"Height","Category":"Design","InvariantScript":"86","RuleProviderType":"Unknown"},{"Property":"DisplayMode","Category":"Design","InvariantScript":"DisplayMode.Edit","RuleProviderType":"Unknown"},{"Property":"BorderStyle","Category":"Design","InvariantScript":"BorderStyle.Solid","RuleProviderType":"Unknown"},{"Property":"BorderColor","Category":"Design","InvariantScript":"RGBA(231, 29, 54, 1)","RuleProviderType":"Unknown"},{"Property":"Fill","Category":"Design","InvariantScript":"RGBA(231, 29, 38, 1)","RuleProviderType":"Unknown"},{"Property":"FocusedBorderColor","Category":"Design","InvariantScript":"Self.BorderColor","RuleProviderType":"Unknown"},{"Property":"HoverFill","Category":"Design","InvariantScript":"Self.Fill","RuleProviderType":"Unknown"},{"Property":"PressedFill","Category":"Design","InvariantScript":"Self.Fill","RuleProviderType":"Unknown"},{"Property":"DisabledFill","Category":"Design","InvariantScript":"Self.Fill","RuleProviderType":"Unknown"}],"ControlPropertyState":[{"InvariantPropertyName":"Fill","AutoRuleBindingEnabled":false,"AutoRuleBindingString":"","NameMapSourceSchema":"?","IsLockable":false,"AFDDataSourceName":""},"DisabledFill","PressedFill","HoverFill",{"InvariantPropertyName":"BorderColor","AutoRuleBindingEnabled":false,"AutoRuleBindingString":"","NameMapSourceSchema":"?","IsLockable":false,"AFDDataSourceName":""},"BorderStyle","FocusedBorderColor","DisplayMode","X","Y","Width","Height","ZIndex","BorderThickness","FocusedBorderThickness"],"IsLocked":false,"ControlUniqueId":"133","Children":[]},{"Type":"ControlInfo","Name":"Main Logo_7","HasDynamicProperties":false,"Template":{"Id":"http://microsoft.com/appmagic/image","Version":"2.1.1","LastModifiedTimestamp":"0","Name":"image","FirstParty":true,"IsPremiumPcfControl":false,"IsCustomGroupControlTemplate":false,"CustomGroupControlTemplateName":"","IsComponentDefinition":false,"OverridableProperties":{}},"Index":0.0,"PublishOrderIndex":138,"VariantName":"","LayoutName":"","MetaDataIDKey":"","PersistMetaDataIDKey":false,"IsFromScreenLayout":false,"StyleName":"defaultImageStyle","Parent":"LadiesResultsScreen","IsDataControl":false,"IsGroupControl":false,"IsAutoGenerated":false,"Rules":[{"Property":"Image","Category":"Data","InvariantScript":"StylishYou_Logo_Red","RuleProviderType":"Unknown"},{"Property":"BorderThickness","Category":"Design","InvariantScript":"0","RuleProviderType":"Unknown"},{"Property":"RadiusBottomRight","Category":"Design","InvariantScript":"0","RuleProviderType":"Unknown"},{"Property":"RadiusBottomLeft","Category":"Design","InvariantScript":"0","RuleProviderType":"Unknown"},{"Property":"RadiusTopRight","Category":"Design","InvariantScript":"0","RuleProviderType":"Unknown"},{"Property":"RadiusTopLeft","Category":"Design","InvariantScript":"0","RuleProviderType":"Unknown"},{"Property":"ZIndex","Category":"Design","InvariantScript":"3","RuleProviderType":"Unknown"},{"Property":"DisplayMode","Category":"Design","InvariantScript":"DisplayMode.Edit","RuleProviderType":"Unknown"},{"Property":"BorderStyle","Category":"Design","InvariantScript":"BorderStyle.Solid","RuleProviderType":"Unknown"},{"Property":"DisabledBorderColor","Category":"Design","InvariantScript":"RGBA(166, 166, 166, 1)","RuleProviderType":"Unknown"},{"Property":"PaddingLeft","Category":"Design","InvariantScript":"0","RuleProviderType":"Unknown"},{"Property":"PaddingBottom","Category":"Design","InvariantScript":"0","RuleProviderType":"Unknown"},{"Property":"BorderColor","Category":"Design","InvariantScript":"RGBA(0, 18, 107, 1)","RuleProviderType":"Unknown"},{"Property":"DisabledFill","Category":"Design","InvariantScript":"RGBA(244, 244, 244, 1)","RuleProviderType":"Unknown"},{"Property":"PaddingRight","Category":"Design","InvariantScript":"0","RuleProviderType":"Unknown"},{"Property":"PaddingTop","Category":"Design","InvariantScript":"0","RuleProviderType":"Unknown"},{"Property":"FocusedBorderThickness","Category":"Design","InvariantScript":"2","RuleProviderType":"Unknown"},{"Property":"Fill","Category":"Design","InvariantScript":"RGBA(0, 0, 0, 0)","RuleProviderType":"Unknown"},{"Property":"Height","Category":"Design","InvariantScript":"172","RuleProviderType":"Unknown"},{"Property":"Width","Category":"Design","InvariantScript":"320","RuleProviderType":"Unknown"},{"Property":"Y","Category":"Design","InvariantScript":"0","RuleProviderType":"Unknown"},{"Property":"X","Category":"Design","InvariantScript":"146","RuleProviderType":"Unknown"},{"Property":"ImageRotation","Category":"Design","InvariantScript":"ImageRotation.None","RuleProviderType":"Unknown"},{"Property":"ImagePosition","Category":"Design","InvariantScript":"ImagePosition.Fit","RuleProviderType":"Unknown"},{"Property":"FocusedBorderColor","Category":"Design","InvariantScript":"Self.BorderColor","RuleProviderType":"Unknown"},{"Property":"HoverBorderColor","Category":"Design","InvariantScript":"ColorFade(Self.BorderColor, 20%)","RuleProviderType":"Unknown"},{"Property":"PressedBorderColor","Category":"Design","InvariantScript":"ColorFade(Self.BorderColor, -20%)","RuleProviderType":"Unknown"},{"Property":"HoverFill","Category":"Design","InvariantScript":"ColorFade(Self.Fill, 20%)","RuleProviderType":"Unknown"},{"Property":"PressedFill","Category":"Design","InvariantScript":"ColorFade(Self.Fill, -20%)","RuleProviderType":"Unknown"}],"ControlPropertyState":[{"InvariantPropertyName":"Image","AutoRuleBindingEnabled":false,"AutoRuleBindingString":"SampleImage","NameMapSourceSchema":"?","IsLockable":false,"AFDDataSourceName":""},"ImagePosition","ImageRotation","X","Y","Width","Height","Fill","DisabledFill","PressedFill","HoverFill","BorderColor","DisabledBorderColor","PressedBorderColor","HoverBorderColor","FocusedBorderColor","BorderStyle","DisplayMode","ZIndex","RadiusTopLeft","RadiusTopRight","RadiusBottomLeft","RadiusBottomRight","BorderThickness","FocusedBorderThickness","PaddingTop","PaddingRight","PaddingBottom","PaddingLeft"],"IsLocked":false,"ControlUniqueId":"134","Children":[]},{"Type":"ControlInfo","Name":"TopBar_14","HasDynamicProperties":false,"Template":{"Id":"http://microsoft.com/appmagic/shapes/rectangle","Version":"2.1.1","LastModifiedTimestamp":"0","Name":"rectangle","FirstParty":true,"IsPremiumPcfControl":false,"IsCustomGroupControlTemplate":false,"CustomGroupControlTemplateName":"","IsComponentDefinition":false,"OverridableProperties":{}},"Index":0.0,"PublishOrderIndex":140,"VariantName":"","LayoutName":"","MetaDataIDKey":"","PersistMetaDataIDKey":false,"IsFromScreenLayout":false,"StyleName":"defaultRectangleStyle","Parent":"LadiesResultsScreen","IsDataControl":false,"IsGroupControl":false,"IsAutoGenerated":false,"Rules":[{"Property":"Width","Category":"Design","InvariantScript":"640","RuleProviderType":"Unknown"},{"Property":"FocusedBorderThickness","Category":"Design","InvariantScript":"2","RuleProviderType":"Unknown"},{"Property":"BorderThickness","Category":"Design","InvariantScript":"0","RuleProviderType":"Unknown"},{"Property":"ZIndex","Category":"Design","InvariantScript":"1","RuleProviderType":"Unknown"},{"Property":"Y","Category":"Design","InvariantScript":"86","RuleProviderType":"Unknown"},{"Property":"X","Category":"Design","InvariantScript":"0","RuleProviderType":"Unknown"},{"Property":"Height","Category":"Design","InvariantScript":"86","RuleProviderType":"Unknown"},{"Property":"DisplayMode","Category":"Design","InvariantScript":"DisplayMode.Edit","RuleProviderType":"Unknown"},{"Property":"BorderStyle","Category":"Design","InvariantScript":"BorderStyle.Solid","RuleProviderType":"Unknown"},{"Property":"BorderColor","Category":"Design","InvariantScript":"RGBA(240, 240, 240, 1)","RuleProviderType":"Unknown"},{"Property":"Fill","Category":"Design","InvariantScript":"RGBA(240, 240, 240, 1)","RuleProviderType":"Unknown"},{"Property":"FocusedBorderColor","Category":"Design","InvariantScript":"Self.BorderColor","RuleProviderType":"Unknown"},{"Property":"HoverFill","Category":"Design","InvariantScript":"Self.Fill","RuleProviderType":"Unknown"},{"Property":"PressedFill","Category":"Design","InvariantScript":"Self.Fill","RuleProviderType":"Unknown"},{"Property":"DisabledFill","Category":"Design","InvariantScript":"Self.Fill","RuleProviderType":"Unknown"}],"ControlPropertyState":[{"InvariantPropertyName":"Fill","AutoRuleBindingEnabled":false,"AutoRuleBindingString":"","NameMapSourceSchema":"?","IsLockable":false,"AFDDataSourceName":""},"DisabledFill","PressedFill","HoverFill",{"InvariantPropertyName":"BorderColor","AutoRuleBindingEnabled":false,"AutoRuleBindingString":"","NameMapSourceSchema":"?","IsLockable":false,"AFDDataSourceName":""},"BorderStyle","FocusedBorderColor","DisplayMode","X","Y","Width","Height","ZIndex","BorderThickness","FocusedBorderThickness"],"IsLocked":false,"ControlUniqueId":"135","Children":[]},{"Type":"ControlInfo","Name":"DataTable1","HasDynamicProperties":false,"Template":{"Id":"http://microsoft.com/appmagic/dataTable","Version":"1.0.1","LastModifiedTimestamp":"0","Name":"dataTable","FirstParty":true,"IsPremiumPcfControl":false,"IsCustomGroupControlTemplate":false,"CustomGroupControlTemplateName":"","IsComponentDefinition":false,"OverridableProperties":{}},"Index":0.0,"PublishOrderIndex":141,"VariantName":"datatable","LayoutName":"","MetaDataIDKey":"","PersistMetaDataIDKey":false,"IsFromScreenLayout":false,"StyleName":"defaultDataTableStyle","Parent":"LadiesResultsScreen","IsDataControl":false,"IsGroupControl":false,"IsAutoGenerated":false,"Rules":[{"Property":"Items","Category":"Data","InvariantScript":"Switch(\n    true,\n    IsBlank(LadiesProductType.Selected.'Product Type' && LadiesSize.Selected.Size && LadiesColour.Selected.Colour && LadiesBrand.Selected.Brands && Value(PriceMin.Text) && Value(PriceMax.Text)),\n    Filter(\n        OurProducts,\n        Gender = \"Ladies\"\n    ),\n    !IsBlank(LadiesProductType.SearchText) && IsBlank(LadiesSize.Selected.Size && LadiesColour.Selected.Colour && Value(PriceMin.Text) && Value(PriceMax.Text) && LadiesBrand.Selected.Brands),\n    Filter(\n        OurProducts,\n        'Product Type' = LadiesProductType.Selected.'Product Type'\n    ),\n    !IsBlank(LadiesProductType.SearchText && LadiesSize.Selected.Size) && IsBlank(LadiesColour.Selected.Colour && Value(PriceMin.Text) && Value(PriceMax.Text) && LadiesBrand.Selected.Brands),\n    Filter(\n        OurProducts,\n        'Product Type' = LadiesProductType.Selected.'Product Type' && Size = LadiesProductType.Selected.Size\n    ),\n    !IsBlank(LadiesProductType.SearchText && LadiesSize.Selected.Size && LadiesColour.Selected.Colour) && IsBlank(Value(PriceMin.Text) && Value(PriceMax.Text) && LadiesBrand.Selected.Brands),\n    Filter(\n        OurProducts,\n        'Product Type' = LadiesProductType.Selected.'Product Type' && Size = LadiesProductType.Selected.Size && Colour = LadiesColour.Selected.Colour\n    ),\n    !IsBlank(LadiesProductType.SearchText && LadiesSize.Selected.Size && LadiesColour.Selected.Colour && Value(PriceMin.Text)) && IsBlank(Value(PriceMax.Text) && LadiesBrand.Selected.Brands),\n    Filter(\n        OurProducts,\n        'Product Type' = LadiesProductType.Selected.'Product Type' && Size = LadiesProductType.Selected.Size && Colour = LadiesColour.Selected.Colour && Price >= Value(PriceMin.Text)\n    ),\n    !IsBlank(LadiesProductType.SearchText && LadiesSize.Selected.Size && LadiesColour.Selected.Colour && Value(PriceMin.Text) && Value(PriceMax.Text)) && IsBlank(LadiesBrand.Selected.Brands),\n    Filter(\n        OurProducts,\n        'Product Type' = LadiesProductType.Selected.'Product Type' && Size = LadiesProductType.Selected.Size && Colour = LadiesColour.Selected.Colour && Price >= Value(PriceMin.Text) && Price <= Value(PriceMax.Text)\n    ),\n    !IsBlank(LadiesProductType.SearchText && LadiesSize.Selected.Size && LadiesColour.Selected.Colour && Value(PriceMin.Text) && Value(PriceMax.Text) && LadiesBrand.Selected.Brands),\n    Filter(\n        OurProducts,\n        'Product Type' = LadiesProductType.Selected.'Product Type' && Size = LadiesProductType.Selected.Size && Colour = LadiesColour.Selected.Colour && Price >= Value(PriceMin.Text) && Price <= Value(PriceMax.Text) && Brands = LadiesBrand.Selected.Brands\n    )\n)","RuleProviderType":"Unknown"},{"Property":"Fill","Category":"Design","InvariantScript":"RGBA(0, 0, 0, 0)","RuleProviderType":"Unknown"},{"Property":"Color","Category":"Design","InvariantScript":"RGBA(0, 0, 0, 1)","RuleProviderType":"Unknown"},{"Property":"DisabledColor","Category":"Design","InvariantScript":"RGBA(166, 166, 166, 1)","RuleProviderType":"Unknown"},{"Property":"BorderColor","Category":"Design","InvariantScript":"RGBA(231, 29, 54, 1)","RuleProviderType":"Unknown"},{"Property":"BorderStyle","Category":"Design","InvariantScript":"BorderStyle.Solid","RuleProviderType":"Unknown"},{"Property":"Font","Category":"Design","InvariantScript":"Font.'Open Sans'","RuleProviderType":"Unknown"},{"Property":"FontWeight","Category":"Design","InvariantScript":"FontWeight.Normal","RuleProviderType":"Unknown"},{"Property":"X","Category":"Design","InvariantScript":"0","RuleProviderType":"Unknown"},{"Property":"Y","Category":"Design","InvariantScript":"234","RuleProviderType":"Unknown"},{"Property":"Width","Category":"Design","InvariantScript":"640","RuleProviderType":"Unknown"},{"Property":"Height","Category":"Design","InvariantScript":"454","RuleProviderType":"Unknown"},{"Property":"DisplayMode","Category":"Design","InvariantScript":"DisplayMode.Edit","RuleProviderType":"Unknown"},{"Property":"ZIndex","Category":"Design","InvariantScript":"4","RuleProviderType":"Unknown"},{"Property":"LinkColor","Category":"Design","InvariantScript":"RGBA(0, 134, 208, 1)","RuleProviderType":"Unknown"},{"Property":"PrimaryColor1","Category":"Design","InvariantScript":"RGBA(56, 96, 178, 1)","RuleProviderType":"Unknown"},{"Property":"PrimaryColor2","Category":"Design","InvariantScript":"RGBA(0, 18, 107, 1)","RuleProviderType":"Unknown"},{"Property":"PrimaryColor3","Category":"Design","InvariantScript":"RGBA(186, 202, 226, 1)","RuleProviderType":"Unknown"},{"Property":"SelectedFill","Category":"Design","InvariantScript":"RGBA(56, 96, 178, .2)","RuleProviderType":"Unknown"},{"Property":"SelectedColor","Category":"Design","InvariantScript":"","RuleProviderType":"Unknown"},{"Property":"HoverFill","Category":"Design","InvariantScript":"RGBA(231, 29, 54, 1)","RuleProviderType":"Unknown"},{"Property":"HoverColor","Category":"Design","InvariantScript":"RGBA(0, 0, 0, 1)","RuleProviderType":"Unknown"},{"Property":"InputFill","Category":"Design","InvariantScript":"RGBA(255, 255, 255, 1)","RuleProviderType":"Unknown"},{"Property":"InvertedColor","Category":"Design","InvariantScript":"RGBA(255, 255, 255, 1)","RuleProviderType":"Unknown"},{"Property":"HeadingFont","Category":"Design","InvariantScript":"Font.'Open Sans'","RuleProviderType":"Unknown"},{"Property":"HeadingSize","Category":"Design","InvariantScript":"21","RuleProviderType":"Unknown"},{"Property":"HeadingFontWeight","Category":"Design","InvariantScript":"FontWeight.Normal","RuleProviderType":"Unknown"},{"Property":"HeadingFill","Category":"Design","InvariantScript":"RGBA(231, 29, 54, 1)","RuleProviderType":"Unknown"},{"Property":"HeadingColor","Category":"Design","InvariantScript":"RGBA(255, 255, 255, 1)","RuleProviderType":"Unknown"},{"Property":"Size","Category":"Design","InvariantScript":"21","RuleProviderType":"Unknown"}],"ControlPropertyState":["Fill","Color","DisabledColor",{"InvariantPropertyName":"BorderColor","AutoRuleBindingEnabled":false,"AutoRuleBindingString":"","NameMapSourceSchema":"?","IsLockable":false,"AFDDataSourceName":""},"BorderStyle","Font","FontWeight","X","Y","Width","Height","DisplayMode","ZIndex","LinkColor","PrimaryColor1","PrimaryColor2","PrimaryColor3",{"InvariantPropertyName":"SelectedFill","AutoRuleBindingEnabled":false,"AutoRuleBindingString":"","NameMapSourceSchema":"?","IsLockable":false,"AFDDataSourceName":""},{"InvariantPropertyName":"SelectedColor","AutoRuleBindingEnabled":false,"AutoRuleBindingString":"RGBA(0, 0, 0, 1)","NameMapSourceSchema":"?","IsLockable":false,"AFDDataSourceName":""},{"InvariantPropertyName":"HoverFill","AutoRuleBindingEnabled":false,"AutoRuleBindingString":"","NameMapSourceSchema":"?","IsLockable":false,"AFDDataSourceName":""},"HoverColor","InputFill","InvertedColor","HeadingFont","HeadingSize","HeadingFontWeight",{"InvariantPropertyName":"HeadingFill","AutoRuleBindingEnabled":false,"AutoRuleBindingString":"","NameMapSourceSchema":"?","IsLockable":false,"AFDDataSourceName":""},"HeadingColor","Size",{"InvariantPropertyName":"Items","AutoRuleBindingEnabled":false,"AutoRuleBindingString":"","NameMapSourceSchema":"?","IsLockable":false,"AFDDataSourceName":""}],"IsLocked":false,"ControlUniqueId":"136","Children":[{"Type":"ControlInfo","Name":"Product Description_Column1","HasDynamicProperties":false,"Template":{"Id":"http://microsoft.com/appmagic/dataTableColumn","Version":"1.0","LastModifiedTimestamp":"0","Name":"dataTableColumn","FirstParty":true,"IsPremiumPcfControl":false,"IsCustomGroupControlTemplate":false,"CustomGroupControlTemplateName":"","IsComponentDefinition":false,"OverridableProperties":{}},"Index":0.0,"PublishOrderIndex":142,"VariantName":"textualColumn","LayoutName":"","MetaDataIDKey":"","PersistMetaDataIDKey":false,"IsFromScreenLayout":false,"StyleName":"","Parent":"DataTable1","IsDataControl":false,"IsGroupControl":false,"IsAutoGenerated":false,"Rules":[{"Property":"FieldName","Category":"Data","InvariantScript":"\"Product_x0020_Description\"","RuleProviderType":"Unknown"},{"Property":"Order","Category":"Data","InvariantScript":"1","RuleProviderType":"Unknown"},{"Property":"FieldVariantName","Category":"Data","InvariantScript":"\"textualColumn\"","RuleProviderType":"Unknown"},{"Property":"FieldDisplayName","Category":"Data","InvariantScript":"\"Product Description\"","RuleProviderType":"Unknown"},{"Property":"Text","Category":"Data","InvariantScript":"ThisItem.'Product Description'","RuleProviderType":"Unknown"},{"Property":"LayoutHeight","Category":"Design","InvariantScript":"Parent.Height","RuleProviderType":"Unknown"},{"Property":"X","Category":"Design","InvariantScript":"0","RuleProviderType":"Unknown"},{"Property":"Y","Category":"Design","InvariantScript":"0","RuleProviderType":"Unknown"},{"Property":"Width","Category":"Design","InvariantScript":"100","RuleProviderType":"Unknown"},{"Property":"Height","Category":"Design","InvariantScript":"Parent.Height","RuleProviderType":"Unknown"},{"Property":"DisplayMode","Category":"Design","InvariantScript":"DisplayMode.Edit","RuleProviderType":"Unknown"},{"Property":"ZIndex","Category":"Design","InvariantScript":"1","RuleProviderType":"Unknown"}],"ControlPropertyState":["FieldName","Order","FieldVariantName","FieldDisplayName","LayoutHeight","X","Y","Width","Height","DisplayMode","ZIndex","Text"],"IsLocked":true,"ControlUniqueId":"137","Children":[]},{"Type":"ControlInfo","Name":"Brands_Column1","HasDynamicProperties":false,"Template":{"Id":"http://microsoft.com/appmagic/dataTableColumn","Version":"1.0","LastModifiedTimestamp":"0","Name":"dataTableColumn","FirstParty":true,"IsPremiumPcfControl":false,"IsCustomGroupControlTemplate":false,"CustomGroupControlTemplateName":"","IsComponentDefinition":false,"OverridableProperties":{}},"Index":0.0,"PublishOrderIndex":143,"VariantName":"textualColumn","LayoutName":"","MetaDataIDKey":"","PersistMetaDataIDKey":false,"IsFromScreenLayout":false,"StyleName":"","Parent":"DataTable1","IsDataControl":false,"IsGroupControl":false,"IsAutoGenerated":false,"Rules":[{"Property":"FieldName","Category":"Data","InvariantScript":"\"Brands\"","RuleProviderType":"Unknown"},{"Property":"Order","Category":"Data","InvariantScript":"2","RuleProviderType":"Unknown"},{"Property":"FieldVariantName","Category":"Data","InvariantScript":"\"textualColumn\"","RuleProviderType":"Unknown"},{"Property":"FieldDisplayName","Category":"Data","InvariantScript":"\"Brands\"","RuleProviderType":"Unknown"},{"Property":"Text","Category":"Data","InvariantScript":"ThisItem.Brands","RuleProviderType":"Unknown"},{"Property":"LayoutHeight","Category":"Design","InvariantScript":"Parent.Height","RuleProviderType":"Unknown"},{"Property":"X","Category":"Design","InvariantScript":"0","RuleProviderType":"Unknown"},{"Property":"Y","Category":"Design","InvariantScript":"0","RuleProviderType":"Unknown"},{"Property":"Width","Category":"Design","InvariantScript":"100","RuleProviderType":"Unknown"},{"Property":"Height","Category":"Design","InvariantScript":"Parent.Height","RuleProviderType":"Unknown"},{"Property":"DisplayMode","Category":"Design","InvariantScript":"DisplayMode.Edit","RuleProviderType":"Unknown"},{"Property":"ZIndex","Category":"Design","InvariantScript":"2","RuleProviderType":"Unknown"}],"ControlPropertyState":["FieldName","Order","FieldVariantName","FieldDisplayName","LayoutHeight","X","Y","Width","Height","DisplayMode","ZIndex","Text"],"IsLocked":true,"ControlUniqueId":"138","Children":[]},{"Type":"ControlInfo","Name":"Quantity_Column1","HasDynamicProperties":false,"Template":{"Id":"http://microsoft.com/appmagic/dataTableColumn","Version":"1.0","LastModifiedTimestamp":"0","Name":"dataTableColumn","FirstParty":true,"IsPremiumPcfControl":false,"IsCustomGroupControlTemplate":false,"CustomGroupControlTemplateName":"","IsComponentDefinition":false,"OverridableProperties":{}},"Index":0.0,"PublishOrderIndex":144,"VariantName":"textualColumn","LayoutName":"","MetaDataIDKey":"","PersistMetaDataIDKey":false,"IsFromScreenLayout":false,"StyleName":"","Parent":"DataTable1","IsDataControl":false,"IsGroupControl":false,"IsAutoGenerated":false,"Rules":[{"Property":"FieldName","Category":"Data","InvariantScript":"\"Quantity\"","RuleProviderType":"Unknown"},{"Property":"Order","Category":"Data","InvariantScript":"3","RuleProviderType":"Unknown"},{"Property":"FieldVariantName","Category":"Data","InvariantScript":"\"textualColumn\"","RuleProviderType":"Unknown"},{"Property":"FieldDisplayName","Category":"Data","InvariantScript":"\"Quantity\"","RuleProviderType":"Unknown"},{"Property":"Text","Category":"Data","InvariantScript":"ThisItem.Quantity","RuleProviderType":"Unknown"},{"Property":"LayoutHeight","Category":"Design","InvariantScript":"Parent.Height","RuleProviderType":"Unknown"},{"Property":"X","Category":"Design","InvariantScript":"0","RuleProviderType":"Unknown"},{"Property":"Y","Category":"Design","InvariantScript":"0","RuleProviderType":"Unknown"},{"Property":"Width","Category":"Design","InvariantScript":"100","RuleProviderType":"Unknown"},{"Property":"Height","Category":"Design","InvariantScript":"Parent.Height","RuleProviderType":"Unknown"},{"Property":"DisplayMode","Category":"Design","InvariantScript":"DisplayMode.Edit","RuleProviderType":"Unknown"},{"Property":"ZIndex","Category":"Design","InvariantScript":"3","RuleProviderType":"Unknown"}],"ControlPropertyState":["FieldName","Order","FieldVariantName","FieldDisplayName","LayoutHeight","X","Y","Width","Height","DisplayMode","ZIndex","Text"],"IsLocked":true,"ControlUniqueId":"139","Children":[]},{"Type":"ControlInfo","Name":"Location_Column1","HasDynamicProperties":false,"Template":{"Id":"http://microsoft.com/appmagic/dataTableColumn","Version":"1.0","LastModifiedTimestamp":"0","Name":"dataTableColumn","FirstParty":true,"IsPremiumPcfControl":false,"IsCustomGroupControlTemplate":false,"CustomGroupControlTemplateName":"","IsComponentDefinition":false,"OverridableProperties":{}},"Index":0.0,"PublishOrderIndex":145,"VariantName":"textualColumn","LayoutName":"","MetaDataIDKey":"","PersistMetaDataIDKey":false,"IsFromScreenLayout":false,"StyleName":"","Parent":"DataTable1","IsDataControl":false,"IsGroupControl":false,"IsAutoGenerated":false,"Rules":[{"Property":"FieldName","Category":"Data","InvariantScript":"\"Location\"","RuleProviderType":"Unknown"},{"Property":"Order","Category":"Data","InvariantScript":"4","RuleProviderType":"Unknown"},{"Property":"FieldVariantName","Category":"Data","InvariantScript":"\"textualColumn\"","RuleProviderType":"Unknown"},{"Property":"FieldDisplayName","Category":"Data","InvariantScript":"\"Location\"","RuleProviderType":"Unknown"},{"Property":"Text","Category":"Data","InvariantScript":"ThisItem.Location","RuleProviderType":"Unknown"},{"Property":"LayoutHeight","Category":"Design","InvariantScript":"Parent.Height","RuleProviderType":"Unknown"},{"Property":"X","Category":"Design","InvariantScript":"0","RuleProviderType":"Unknown"},{"Property":"Y","Category":"Design","InvariantScript":"0","RuleProviderType":"Unknown"},{"Property":"Width","Category":"Design","InvariantScript":"100","RuleProviderType":"Unknown"},{"Property":"Height","Category":"Design","InvariantScript":"Parent.Height","RuleProviderType":"Unknown"},{"Property":"DisplayMode","Category":"Design","InvariantScript":"DisplayMode.Edit","RuleProviderType":"Unknown"},{"Property":"ZIndex","Category":"Design","InvariantScript":"4","RuleProviderType":"Unknown"}],"ControlPropertyState":["FieldName","Order","FieldVariantName","FieldDisplayName","LayoutHeight","X","Y","Width","Height","DisplayMode","ZIndex","Text"],"IsLocked":true,"ControlUniqueId":"140","Children":[]}]},{"Type":"ControlInfo","Name":"RETURN QUERY STRING","HasDynamicProperties":false,"Template":{"Id":"http://microsoft.com/appmagic/label","Version":"2.3.1","LastModifiedTimestamp":"0","Name":"label","FirstParty":true,"IsPremiumPcfControl":false,"IsCustomGroupControlTemplate":false,"CustomGroupControlTemplateName":"","IsComponentDefinition":false,"OverridableProperties":{}},"Index":0.0,"PublishOrderIndex":146,"VariantName":"","LayoutName":"","MetaDataIDKey":"","PersistMetaDataIDKey":false,"IsFromScreenLayout":false,"StyleName":"defaultLabelStyle","Parent":"LadiesResultsScreen","IsDataControl":false,"IsGroupControl":false,"IsAutoGenerated":false,"Rules":[{"Property":"Live","Category":"Data","InvariantScript":"Live.Off","RuleProviderType":"Unknown"},{"Property":"Role","Category":"Data","InvariantScript":"TextRole.Default","RuleProviderType":"Unknown"},{"Property":"Text","Category":"Data","InvariantScript":"\"SELECT * FROM OurProducts\" & \" WHERE \" & \"Product Type = [\" & Text(LadiesProductType.Selected.'Product Type') & \"], \" & \"Size = [\" & Text(LadiesSize.Selected.Size) & \"], \" & \"Colour = [\" & Text(LadiesColour.Selected.Colour) & \"], \" & \"Price = [>\" & Text(PriceMin) & \"] \" & \"[<\" & Text(PriceMax) & \"], \" & \"Brand = [\" & Text(LadiesBrand.Selected.Brands) & \"]\"","RuleProviderType":"Unknown"},{"Property":"Align","Category":"Design","InvariantScript":"Align.Left","RuleProviderType":"Unknown"},{"Property":"PaddingRight","Category":"Design","InvariantScript":"5","RuleProviderType":"Unknown"},{"Property":"PaddingTop","Category":"Design","InvariantScript":"5","RuleProviderType":"Unknown"},{"Property":"PaddingBottom","Category":"Design","InvariantScript":"5","RuleProviderType":"Unknown"},{"Property":"Strikethrough","Category":"Design","InvariantScript":"false","RuleProviderType":"Unknown"},{"Property":"Underline","Category":"Design","InvariantScript":"false","RuleProviderType":"Unknown"},{"Property":"ZIndex","Category":"Design","InvariantScript":"9","RuleProviderType":"Unknown"},{"Property":"DisplayMode","Category":"Design","InvariantScript":"DisplayMode.Edit","RuleProviderType":"Unknown"},{"Property":"Italic","Category":"Design","InvariantScript":"false","RuleProviderType":"Unknown"},{"Property":"FontWeight","Category":"Design","InvariantScript":"FontWeight.Normal","RuleProviderType":"Unknown"},{"Property":"Height","Category":"Design","InvariantScript":"322","RuleProviderType":"Unknown"},{"Property":"Width","Category":"Design","InvariantScript":"581","RuleProviderType":"Unknown"},{"Property":"Size","Category":"Design","InvariantScript":"21","RuleProviderType":"Unknown"},{"Property":"Y","Category":"Design","InvariantScript":"718","RuleProviderType":"Unknown"},{"Property":"Fill","Category":"Design","InvariantScript":"RGBA(0, 0, 0, 0)","RuleProviderType":"Unknown"},{"Property":"FocusedBorderThickness","Category":"Design","InvariantScript":"0","RuleProviderType":"Unknown"},{"Property":"X","Category":"Design","InvariantScript":"29","RuleProviderType":"Unknown"},{"Property":"VerticalAlign","Category":"Design","InvariantScript":"VerticalAlign.Middle","RuleProviderType":"Unknown"},{"Property":"BorderThickness","Category":"Design","InvariantScript":"0","RuleProviderType":"Unknown"},{"Property":"DisabledBorderColor","Category":"Design","InvariantScript":"RGBA(56, 56, 56, 1)","RuleProviderType":"Unknown"},{"Property":"HoverFill","Category":"Design","InvariantScript":"Self.Fill","RuleProviderType":"Unknown"},{"Property":"PressedFill","Category":"Design","InvariantScript":"Self.Fill","RuleProviderType":"Unknown"},{"Property":"FocusedBorderColor","Category":"Design","InvariantScript":"Self.BorderColor","RuleProviderType":"Unknown"},{"Property":"HoverBorderColor","Category":"Design","InvariantScript":"Self.BorderColor","RuleProviderType":"Unknown"},{"Property":"PressedBorderColor","Category":"Design","InvariantScript":"Self.BorderColor","RuleProviderType":"Unknown"},{"Property":"HoverColor","Category":"Design","InvariantScript":"Self.Color","RuleProviderType":"Unknown"},{"Property":"PressedColor","Category":"Design","InvariantScript":"Self.Color","RuleProviderType":"Unknown"},{"Property":"PaddingLeft","Category":"Design","InvariantScript":"5","RuleProviderType":"Unknown"},{"Property":"Font","Category":"Design","InvariantScript":"Font.Verdana","RuleProviderType":"Unknown"},{"Property":"DisabledFill","Category":"Design","InvariantScript":"RGBA(0, 0, 0, 0)","RuleProviderType":"Unknown"},{"Property":"BorderStyle","Category":"Design","InvariantScript":"BorderStyle.Solid","RuleProviderType":"Unknown"},{"Property":"BorderColor","Category":"Design","InvariantScript":"RGBA(0, 18, 107, 1)","RuleProviderType":"Unknown"},{"Property":"DisabledColor","Category":"Design","InvariantScript":"RGBA(166, 166, 166, 1)","RuleProviderType":"Unknown"},{"Property":"Color","Category":"Design","InvariantScript":"RGBA(0, 0, 0, 1)","RuleProviderType":"Unknown"},{"Property":"Overflow","Category":"Design","InvariantScript":"Overflow.Hidden","RuleProviderType":"Unknown"},{"Property":"LineHeight","Category":"Design","InvariantScript":"1.2","RuleProviderType":"Unknown"}],"ControlPropertyState":["Live","Overflow",{"InvariantPropertyName":"Text","AutoRuleBindingEnabled":false,"AutoRuleBindingString":"\"Text\"","NameMapSourceSchema":"?","IsLockable":false,"AFDDataSourceName":""},"Role","Color","DisabledColor","PressedColor","HoverColor","BorderColor","DisabledBorderColor","PressedBorderColor","HoverBorderColor","BorderStyle","FocusedBorderColor","Fill","DisabledFill","PressedFill","HoverFill",{"InvariantPropertyName":"Font","AutoRuleBindingEnabled":false,"AutoRuleBindingString":"Font.'Open Sans'","NameMapSourceSchema":"?","IsLockable":false,"AFDDataSourceName":""},"FontWeight","Align","VerticalAlign","X","Y","Width","Height","DisplayMode","ZIndex","LineHeight","BorderThickness","FocusedBorderThickness","Size","Italic","Underline","Strikethrough","PaddingTop","PaddingRight","PaddingBottom","PaddingLeft"],"IsLocked":false,"ControlUniqueId":"141","Children":[]},{"Type":"ControlInfo","Name":"Search String Title","HasDynamicProperties":false,"Template":{"Id":"http://microsoft.com/appmagic/label","Version":"2.3.1","LastModifiedTimestamp":"0","Name":"label","FirstParty":true,"IsPremiumPcfControl":false,"IsCustomGroupControlTemplate":false,"CustomGroupControlTemplateName":"","IsComponentDefinition":false,"OverridableProperties":{}},"Index":0.0,"PublishOrderIndex":147,"VariantName":"","LayoutName":"","MetaDataIDKey":"","PersistMetaDataIDKey":false,"IsFromScreenLayout":false,"StyleName":"defaultLabelStyle","Parent":"LadiesResultsScreen","IsDataControl":false,"IsGroupControl":false,"IsAutoGenerated":false,"Rules":[{"Property":"Role","Category":"Data","InvariantScript":"TextRole.Default","RuleProviderType":"Unknown"},{"Property":"Text","Category":"Data","InvariantScript":"\"Search String:\"","RuleProviderType":"Unknown"},{"Property":"Live","Category":"Data","InvariantScript":"Live.Off","RuleProviderType":"Unknown"},{"Property":"Size","Category":"Design","InvariantScript":"21","RuleProviderType":"Unknown"},{"Property":"FocusedBorderThickness","Category":"Design","InvariantScript":"0","RuleProviderType":"Unknown"},{"Property":"BorderThickness","Category":"Design","InvariantScript":"0","RuleProviderType":"Unknown"},{"Property":"LineHeight","Category":"Design","InvariantScript":"1.2","RuleProviderType":"Unknown"},{"Property":"ZIndex","Category":"Design","InvariantScript":"8","RuleProviderType":"Unknown"},{"Property":"DisplayMode","Category":"Design","InvariantScript":"DisplayMode.Edit","RuleProviderType":"Unknown"},{"Property":"PaddingLeft","Category":"Design","InvariantScript":"5","RuleProviderType":"Unknown"},{"Property":"PaddingBottom","Category":"Design","InvariantScript":"5","RuleProviderType":"Unknown"},{"Property":"Height","Category":"Design","InvariantScript":"70","RuleProviderType":"Unknown"},{"Property":"Width","Category":"Design","InvariantScript":"560","RuleProviderType":"Unknown"},{"Property":"PaddingRight","Category":"Design","InvariantScript":"5","RuleProviderType":"Unknown"},{"Property":"PaddingTop","Category":"Design","InvariantScript":"5","RuleProviderType":"Unknown"},{"Property":"Y","Category":"Design","InvariantScript":"740","RuleProviderType":"Unknown"},{"Property":"Strikethrough","Category":"Design","InvariantScript":"false","RuleProviderType":"Unknown"},{"Property":"X","Category":"Design","InvariantScript":"29","RuleProviderType":"Unknown"},{"Property":"VerticalAlign","Category":"Design","InvariantScript":"VerticalAlign.Middle","RuleProviderType":"Unknown"},{"Property":"Underline","Category":"Design","InvariantScript":"false","RuleProviderType":"Unknown"},{"Property":"Italic","Category":"Design","InvariantScript":"false","RuleProviderType":"Unknown"},{"Property":"Align","Category":"Design","InvariantScript":"Align.Left","RuleProviderType":"Unknown"},{"Property":"FontWeight","Category":"Design","InvariantScript":"FontWeight.Normal","RuleProviderType":"Unknown"},{"Property":"Font","Category":"Design","InvariantScript":"Font.Verdana","RuleProviderType":"Unknown"},{"Property":"DisabledFill","Category":"Design","InvariantScript":"RGBA(0, 0, 0, 0)","RuleProviderType":"Unknown"},{"Property":"Fill","Category":"Design","InvariantScript":"RGBA(0, 0, 0, 0)","RuleProviderType":"Unknown"},{"Property":"BorderStyle","Category":"Design","InvariantScript":"BorderStyle.Solid","RuleProviderType":"Unknown"},{"Property":"DisabledBorderColor","Category":"Design","InvariantScript":"RGBA(56, 56, 56, 1)","RuleProviderType":"Unknown"},{"Property":"BorderColor","Category":"Design","InvariantScript":"RGBA(0, 18, 107, 1)","RuleProviderType":"Unknown"},{"Property":"DisabledColor","Category":"Design","InvariantScript":"RGBA(166, 166, 166, 1)","RuleProviderType":"Unknown"},{"Property":"Color","Category":"Design","InvariantScript":"RGBA(0, 0, 0, 1)","RuleProviderType":"Unknown"},{"Property":"Overflow","Category":"Design","InvariantScript":"Overflow.Hidden","RuleProviderType":"Unknown"},{"Property":"HoverFill","Category":"Design","InvariantScript":"Self.Fill","RuleProviderType":"Unknown"},{"Property":"PressedFill","Category":"Design","InvariantScript":"Self.Fill","RuleProviderType":"Unknown"},{"Property":"FocusedBorderColor","Category":"Design","InvariantScript":"Self.BorderColor","RuleProviderType":"Unknown"},{"Property":"HoverBorderColor","Category":"Design","InvariantScript":"Self.BorderColor","RuleProviderType":"Unknown"},{"Property":"PressedBorderColor","Category":"Design","InvariantScript":"Self.BorderColor","RuleProviderType":"Unknown"},{"Property":"HoverColor","Category":"Design","InvariantScript":"Self.Color","RuleProviderType":"Unknown"},{"Property":"PressedColor","Category":"Design","InvariantScript":"Self.Color","RuleProviderType":"Unknown"}],"ControlPropertyState":["Live","Overflow",{"InvariantPropertyName":"Text","AutoRuleBindingEnabled":false,"AutoRuleBindingString":"\"Text\"","NameMapSourceSchema":"?","IsLockable":false,"AFDDataSourceName":""},"Role","Color","DisabledColor","PressedColor","HoverColor","BorderColor","DisabledBorderColor","PressedBorderColor","HoverBorderColor","BorderStyle","FocusedBorderColor","Fill","DisabledFill","PressedFill","HoverFill",{"InvariantPropertyName":"Font","AutoRuleBindingEnabled":false,"AutoRuleBindingString":"Font.'Open Sans'","NameMapSourceSchema":"?","IsLockable":false,"AFDDataSourceName":""},"FontWeight","Align","VerticalAlign","X","Y","Width","Height","DisplayMode","ZIndex","LineHeight","BorderThickness","FocusedBorderThickness","Size","Italic","Underline","Strikethrough","PaddingTop","PaddingRight","PaddingBottom","PaddingLeft"],"IsLocked":false,"ControlUniqueId":"142","Children":[]},{"Type":"ControlInfo","Name":"NaviHomeButton_6","HasDynamicProperties":false,"Template":{"Id":"http://microsoft.com/appmagic/button","Version":"2.0.0","LastModifiedTimestamp":"0","Name":"button","FirstParty":true,"IsPremiumPcfControl":false,"IsCustomGroupControlTemplate":false,"CustomGroupControlTemplateName":"","IsComponentDefinition":false,"OverridableProperties":{}},"Index":0.0,"PublishOrderIndex":148,"VariantName":"","LayoutName":"","MetaDataIDKey":"","PersistMetaDataIDKey":false,"IsFromScreenLayout":false,"StyleName":"defaultButtonStyle","Parent":"LadiesResultsScreen","IsDataControl":false,"IsGroupControl":false,"IsAutoGenerated":false,"Rules":[{"Property":"Text","Category":"Data","InvariantScript":"\"<< Back\n\"","RuleProviderType":"Unknown"},{"Property":"RadiusBottomRight","Category":"Design","InvariantScript":"10","RuleProviderType":"Unknown"},{"Property":"Size","Category":"Design","InvariantScript":"24","RuleProviderType":"Unknown"},{"Property":"RadiusBottomLeft","Category":"Design","InvariantScript":"10","RuleProviderType":"Unknown"},{"Property":"FocusedBorderThickness","Category":"Design","InvariantScript":"4","RuleProviderType":"Unknown"},{"Property":"Strikethrough","Category":"Design","InvariantScript":"false","RuleProviderType":"Unknown"},{"Property":"RadiusTopRight","Category":"Design","InvariantScript":"10","RuleProviderType":"Unknown"},{"Property":"Underline","Category":"Design","InvariantScript":"false","RuleProviderType":"Unknown"},{"Property":"RadiusTopLeft","Category":"Design","InvariantScript":"10","RuleProviderType":"Unknown"},{"Property":"ZIndex","Category":"Design","InvariantScript":"7","RuleProviderType":"Unknown"},{"Property":"BorderThickness","Category":"Design","InvariantScript":"2","RuleProviderType":"Unknown"},{"Property":"Height","Category":"Design","InvariantScript":"70","RuleProviderType":"Unknown"},{"Property":"Width","Category":"Design","InvariantScript":"242","RuleProviderType":"Unknown"},{"Property":"Y","Category":"Design","InvariantScript":"1023","RuleProviderType":"Unknown"},{"Property":"X","Category":"Design","InvariantScript":"61","RuleProviderType":"Unknown"},{"Property":"Italic","Category":"Design","InvariantScript":"false","RuleProviderType":"Unknown"},{"Property":"VerticalAlign","Category":"Design","InvariantScript":"VerticalAlign.Middle","RuleProviderType":"Unknown"},{"Property":"Align","Category":"Design","InvariantScript":"Align.Center","RuleProviderType":"Unknown"},{"Property":"FontWeight","Category":"Design","InvariantScript":"FontWeight.Semibold","RuleProviderType":"Unknown"},{"Property":"Font","Category":"Design","InvariantScript":"LadiesSearchPageButtons.Font","RuleProviderType":"Unknown"},{"Property":"HoverFill","Category":"Design","InvariantScript":"LadiesSearchPageButtons.HoverFill","RuleProviderType":"Unknown"},{"Property":"DisabledFill","Category":"Design","InvariantScript":"LadiesSearchPageButtons.DisabledFill","RuleProviderType":"Unknown"},{"Property":"Fill","Category":"Design","InvariantScript":"LadiesSearchPageButtons.Fill","RuleProviderType":"Unknown"},{"Property":"DisplayMode","Category":"Design","InvariantScript":"DisplayMode.Edit","RuleProviderType":"Unknown"},{"Property":"HoverColor","Category":"Design","InvariantScript":"LadiesSearchPageButtons.HoverColor","RuleProviderType":"Unknown"},{"Property":"DisabledColor","Category":"Design","InvariantScript":"LadiesSearchPageButtons.DisabledColor","RuleProviderType":"Unknown"},{"Property":"Color","Category":"Design","InvariantScript":"LadiesSearchPageButtons.Color","RuleProviderType":"Unknown"},{"Property":"BorderStyle","Category":"Design","InvariantScript":"BorderStyle.Solid","RuleProviderType":"Unknown"},{"Property":"DisabledBorderColor","Category":"Design","InvariantScript":"LadiesSearchPageButtons.DisabledBorderColor","RuleProviderType":"Unknown"},{"Property":"PressedColor","Category":"Design","InvariantScript":"LadiesSearchPageButtons.PressedColor","RuleProviderType":"Unknown"},{"Property":"PressedBorderColor","Category":"Design","InvariantScript":"LadiesSearchPageButtons.PressedBorderColor","RuleProviderType":"Unknown"},{"Property":"BorderColor","Category":"Design","InvariantScript":"LadiesSearchPageButtons.BorderColor","RuleProviderType":"Unknown"},{"Property":"PressedFill","Category":"Design","InvariantScript":"LadiesSearchPageButtons.PressedFill","RuleProviderType":"Unknown"},{"Property":"FocusedBorderColor","Category":"Design","InvariantScript":"LadiesSearchPageButtons.FocusedBorderColor","RuleProviderType":"Unknown"},{"Property":"HoverBorderColor","Category":"Design","InvariantScript":"LadiesSearchPageButtons.HoverBorderColor","RuleProviderType":"Unknown"},{"Property":"OnSelect","Category":"Behavior","InvariantScript":"Navigate([@LadiesSearchScreen],ScreenTransition.Fade)","RuleProviderType":"Unknown"}],"ControlPropertyState":[{"InvariantPropertyName":"Text","AutoRuleBindingEnabled":false,"AutoRuleBindingString":"\"Button\"","NameMapSourceSchema":"?","IsLockable":false,"AFDDataSourceName":""},{"InvariantPropertyName":"BorderColor","AutoRuleBindingEnabled":false,"AutoRuleBindingString":"ColorFade(Self.Fill, -15%)","NameMapSourceSchema":"?","IsLockable":false,"AFDDataSourceName":""},{"InvariantPropertyName":"DisabledBorderColor","AutoRuleBindingEnabled":false,"AutoRuleBindingString":"RGBA(166, 166, 166, 1)","NameMapSourceSchema":"?","IsLockable":false,"AFDDataSourceName":""},{"InvariantPropertyName":"PressedBorderColor","AutoRuleBindingEnabled":false,"AutoRuleBindingString":"Self.Fill","NameMapSourceSchema":"?","IsLockable":false,"AFDDataSourceName":""},{"InvariantPropertyName":"HoverBorderColor","AutoRuleBindingEnabled":false,"AutoRuleBindingString":"ColorFade(Self.BorderColor, 20%)","NameMapSourceSchema":"?","IsLockable":false,"AFDDataSourceName":""},"BorderStyle",{"InvariantPropertyName":"FocusedBorderColor","AutoRuleBindingEnabled":false,"AutoRuleBindingString":"Self.BorderColor","NameMapSourceSchema":"?","IsLockable":false,"AFDDataSourceName":""},{"InvariantPropertyName":"Color","AutoRuleBindingEnabled":false,"AutoRuleBindingString":"RGBA(255, 255, 255, 1)","NameMapSourceSchema":"?","IsLockable":false,"AFDDataSourceName":""},{"InvariantPropertyName":"DisabledColor","AutoRuleBindingEnabled":false,"AutoRuleBindingString":"RGBA(166, 166, 166, 1)","NameMapSourceSchema":"?","IsLockable":false,"AFDDataSourceName":""},{"InvariantPropertyName":"PressedColor","AutoRuleBindingEnabled":false,"AutoRuleBindingString":"Self.Fill","NameMapSourceSchema":"?","IsLockable":false,"AFDDataSourceName":""},{"InvariantPropertyName":"HoverColor","AutoRuleBindingEnabled":false,"AutoRuleBindingString":"RGBA(255, 255, 255, 1)","NameMapSourceSchema":"?","IsLockable":false,"AFDDataSourceName":""},"DisplayMode",{"InvariantPropertyName":"Fill","AutoRuleBindingEnabled":false,"AutoRuleBindingString":"RGBA(56, 96, 178, 1)","NameMapSourceSchema":"?","IsLockable":false,"AFDDataSourceName":""},{"InvariantPropertyName":"DisabledFill","AutoRuleBindingEnabled":false,"AutoRuleBindingString":"RGBA(244, 244, 244, 1)","NameMapSourceSchema":"?","IsLockable":false,"AFDDataSourceName":""},{"InvariantPropertyName":"PressedFill","AutoRuleBindingEnabled":false,"AutoRuleBindingString":"Self.Color","NameMapSourceSchema":"?","IsLockable":false,"AFDDataSourceName":""},{"InvariantPropertyName":"HoverFill","AutoRuleBindingEnabled":false,"AutoRuleBindingString":"ColorFade(RGBA(56, 96, 178, 1), -20%)","NameMapSourceSchema":"?","IsLockable":false,"AFDDataSourceName":""},{"InvariantPropertyName":"Font","AutoRuleBindingEnabled":false,"AutoRuleBindingString":"Font.'Open Sans'","NameMapSourceSchema":"?","IsLockable":false,"AFDDataSourceName":""},"FontWeight","Align","VerticalAlign","X","Y","Width","Height","ZIndex","RadiusTopLeft","RadiusTopRight","RadiusBottomLeft","RadiusBottomRight","BorderThickness","FocusedBorderThickness","Size","Italic","Underline","Strikethrough",{"InvariantPropertyName":"OnSelect","AutoRuleBindingEnabled":false,"AutoRuleBindingString":"false","NameMapSourceSchema":"?","IsLockable":false,"AFDDataSourceName":""}],"IsLocked":false,"ControlUniqueId":"143","Children":[]},{"Type":"ControlInfo","Name":"NaviHomeButton_5","HasDynamicProperties":false,"Template":{"Id":"http://microsoft.com/appmagic/button","Version":"2.0.0","LastModifiedTimestamp":"0","Name":"button","FirstParty":true,"IsPremiumPcfControl":false,"IsCustomGroupControlTemplate":false,"CustomGroupControlTemplateName":"","IsComponentDefinition":false,"OverridableProperties":{}},"Index":0.0,"PublishOrderIndex":149,"VariantName":"","LayoutName":"","MetaDataIDKey":"","PersistMetaDataIDKey":false,"IsFromScreenLayout":false,"StyleName":"defaultButtonStyle","Parent":"LadiesResultsScreen","IsDataControl":false,"IsGroupControl":false,"IsAutoGenerated":false,"Rules":[{"Property":"Text","Category":"Data","InvariantScript":"\" Home\n\"","RuleProviderType":"Unknown"},{"Property":"RadiusBottomRight","Category":"Design","InvariantScript":"10","RuleProviderType":"Unknown"},{"Property":"Size","Category":"Design","InvariantScript":"24","RuleProviderType":"Unknown"},{"Property":"RadiusBottomLeft","Category":"Design","InvariantScript":"10","RuleProviderType":"Unknown"},{"Property":"FocusedBorderThickness","Category":"Design","InvariantScript":"4","RuleProviderType":"Unknown"},{"Property":"Strikethrough","Category":"Design","InvariantScript":"false","RuleProviderType":"Unknown"},{"Property":"RadiusTopRight","Category":"Design","InvariantScript":"10","RuleProviderType":"Unknown"},{"Property":"Underline","Category":"Design","InvariantScript":"false","RuleProviderType":"Unknown"},{"Property":"RadiusTopLeft","Category":"Design","InvariantScript":"10","RuleProviderType":"Unknown"},{"Property":"ZIndex","Category":"Design","InvariantScript":"6","RuleProviderType":"Unknown"},{"Property":"BorderThickness","Category":"Design","InvariantScript":"2","RuleProviderType":"Unknown"},{"Property":"Height","Category":"Design","InvariantScript":"70","RuleProviderType":"Unknown"},{"Property":"Width","Category":"Design","InvariantScript":"242","RuleProviderType":"Unknown"},{"Property":"Y","Category":"Design","InvariantScript":"1023","RuleProviderType":"Unknown"},{"Property":"X","Category":"Design","InvariantScript":"367","RuleProviderType":"Unknown"},{"Property":"Italic","Category":"Design","InvariantScript":"false","RuleProviderType":"Unknown"},{"Property":"VerticalAlign","Category":"Design","InvariantScript":"VerticalAlign.Middle","RuleProviderType":"Unknown"},{"Property":"Align","Category":"Design","InvariantScript":"Align.Center","RuleProviderType":"Unknown"},{"Property":"FontWeight","Category":"Design","InvariantScript":"FontWeight.Semibold","RuleProviderType":"Unknown"},{"Property":"Font","Category":"Design","InvariantScript":"LadiesSearchPageButtons.Font","RuleProviderType":"Unknown"},{"Property":"HoverFill","Category":"Design","InvariantScript":"LadiesSearchPageButtons.HoverFill","RuleProviderType":"Unknown"},{"Property":"DisabledFill","Category":"Design","InvariantScript":"LadiesSearchPageButtons.DisabledFill","RuleProviderType":"Unknown"},{"Property":"Fill","Category":"Design","InvariantScript":"LadiesSearchPageButtons.Fill","RuleProviderType":"Unknown"},{"Property":"DisplayMode","Category":"Design","InvariantScript":"DisplayMode.Edit","RuleProviderType":"Unknown"},{"Property":"HoverColor","Category":"Design","InvariantScript":"LadiesSearchPageButtons.HoverColor","RuleProviderType":"Unknown"},{"Property":"DisabledColor","Category":"Design","InvariantScript":"LadiesSearchPageButtons.DisabledColor","RuleProviderType":"Unknown"},{"Property":"Color","Category":"Design","InvariantScript":"LadiesSearchPageButtons.Color","RuleProviderType":"Unknown"},{"Property":"BorderStyle","Category":"Design","InvariantScript":"BorderStyle.Solid","RuleProviderType":"Unknown"},{"Property":"DisabledBorderColor","Category":"Design","InvariantScript":"LadiesSearchPageButtons.DisabledBorderColor","RuleProviderType":"Unknown"},{"Property":"PressedColor","Category":"Design","InvariantScript":"LadiesSearchPageButtons.PressedColor","RuleProviderType":"Unknown"},{"Property":"PressedBorderColor","Category":"Design","InvariantScript":"LadiesSearchPageButtons.PressedBorderColor","RuleProviderType":"Unknown"},{"Property":"BorderColor","Category":"Design","InvariantScript":"LadiesSearchPageButtons.BorderColor","RuleProviderType":"Unknown"},{"Property":"PressedFill","Category":"Design","InvariantScript":"LadiesSearchPageButtons.PressedFill","RuleProviderType":"Unknown"},{"Property":"FocusedBorderColor","Category":"Design","InvariantScript":"LadiesSearchPageButtons.FocusedBorderColor","RuleProviderType":"Unknown"},{"Property":"HoverBorderColor","Category":"Design","InvariantScript":"LadiesSearchPageButtons.HoverBorderColor","RuleProviderType":"Unknown"},{"Property":"OnSelect","Category":"Behavior","InvariantScript":"Navigate([@'Home Screen'],ScreenTransition.Fade)","RuleProviderType":"Unknown"}],"ControlPropertyState":[{"InvariantPropertyName":"Text","AutoRuleBindingEnabled":false,"AutoRuleBindingString":"\"Button\"","NameMapSourceSchema":"?","IsLockable":false,"AFDDataSourceName":""},{"InvariantPropertyName":"BorderColor","AutoRuleBindingEnabled":false,"AutoRuleBindingString":"ColorFade(Self.Fill, -15%)","NameMapSourceSchema":"?","IsLockable":false,"AFDDataSourceName":""},{"InvariantPropertyName":"DisabledBorderColor","AutoRuleBindingEnabled":false,"AutoRuleBindingString":"RGBA(166, 166, 166, 1)","NameMapSourceSchema":"?","IsLockable":false,"AFDDataSourceName":""},{"InvariantPropertyName":"PressedBorderColor","AutoRuleBindingEnabled":false,"AutoRuleBindingString":"Self.Fill","NameMapSourceSchema":"?","IsLockable":false,"AFDDataSourceName":""},{"InvariantPropertyName":"HoverBorderColor","AutoRuleBindingEnabled":false,"AutoRuleBindingString":"ColorFade(Self.BorderColor, 20%)","NameMapSourceSchema":"?","IsLockable":false,"AFDDataSourceName":""},"BorderStyle",{"InvariantPropertyName":"FocusedBorderColor","AutoRuleBindingEnabled":false,"AutoRuleBindingString":"Self.BorderColor","NameMapSourceSchema":"?","IsLockable":false,"AFDDataSourceName":""},{"InvariantPropertyName":"Color","AutoRuleBindingEnabled":false,"AutoRuleBindingString":"RGBA(255, 255, 255, 1)","NameMapSourceSchema":"?","IsLockable":false,"AFDDataSourceName":""},{"InvariantPropertyName":"DisabledColor","AutoRuleBindingEnabled":false,"AutoRuleBindingString":"RGBA(166, 166, 166, 1)","NameMapSourceSchema":"?","IsLockable":false,"AFDDataSourceName":""},{"InvariantPropertyName":"PressedColor","AutoRuleBindingEnabled":false,"AutoRuleBindingString":"Self.Fill","NameMapSourceSchema":"?","IsLockable":false,"AFDDataSourceName":""},{"InvariantPropertyName":"HoverColor","AutoRuleBindingEnabled":false,"AutoRuleBindingString":"RGBA(255, 255, 255, 1)","NameMapSourceSchema":"?","IsLockable":false,"AFDDataSourceName":""},"DisplayMode",{"InvariantPropertyName":"Fill","AutoRuleBindingEnabled":false,"AutoRuleBindingString":"RGBA(56, 96, 178, 1)","NameMapSourceSchema":"?","IsLockable":false,"AFDDataSourceName":""},{"InvariantPropertyName":"DisabledFill","AutoRuleBindingEnabled":false,"AutoRuleBindingString":"RGBA(244, 244, 244, 1)","NameMapSourceSchema":"?","IsLockable":false,"AFDDataSourceName":""},{"InvariantPropertyName":"PressedFill","AutoRuleBindingEnabled":false,"AutoRuleBindingString":"Self.Color","NameMapSourceSchema":"?","IsLockable":false,"AFDDataSourceName":""},{"InvariantPropertyName":"HoverFill","AutoRuleBindingEnabled":false,"AutoRuleBindingString":"ColorFade(RGBA(56, 96, 178, 1), -20%)","NameMapSourceSchema":"?","IsLockable":false,"AFDDataSourceName":""},{"InvariantPropertyName":"Font","AutoRuleBindingEnabled":false,"AutoRuleBindingString":"Font.'Open Sans'","NameMapSourceSchema":"?","IsLockable":false,"AFDDataSourceName":""},"FontWeight","Align","VerticalAlign","X","Y","Width","Height","ZIndex","RadiusTopLeft","RadiusTopRight","RadiusBottomLeft","RadiusBottomRight","BorderThickness","FocusedBorderThickness","Size","Italic","Underline","Strikethrough",{"InvariantPropertyName":"OnSelect","AutoRuleBindingEnabled":false,"AutoRuleBindingString":"false","NameMapSourceSchema":"?","IsLockable":false,"AFDDataSourceName":""}],"IsLocked":false,"ControlUniqueId":"144","Children":[]},{"Type":"ControlInfo","Name":"Top Bar_7","HasDynamicProperties":false,"Template":{"Id":"http://microsoft.com/appmagic/group","Version":"1","LastModifiedTimestamp":"0","Name":"group","FirstParty":true,"IsPremiumPcfControl":false,"IsCustomGroupControlTemplate":false,"CustomGroupControlTemplateName":"","IsComponentDefinition":false,"OverridableProperties":{}},"Index":0.0,"PublishOrderIndex":139,"VariantName":"","LayoutName":"","MetaDataIDKey":"","PersistMetaDataIDKey":false,"IsFromScreenLayout":false,"StyleName":"","Parent":"LadiesResultsScreen","IsDataControl":false,"IsGroupControl":true,"IsAutoGenerated":false,"Rules":[{"Property":"ZIndex","Category":"Design","InvariantScript":"4","RuleProviderType":"Unknown"},{"Property":"Height","Category":"Design","InvariantScript":"5","RuleProviderType":"Unknown"},{"Property":"Width","Category":"Design","InvariantScript":"5","RuleProviderType":"Unknown"},{"Property":"Y","Category":"Design","InvariantScript":"40","RuleProviderType":"Unknown"},{"Property":"X","Category":"Design","InvariantScript":"40","RuleProviderType":"Unknown"}],"ControlPropertyState":["X","Y","Width","Height","ZIndex"],"IsLocked":false,"ControlUniqueId":"145","Children":[],"GroupedControlsKey":["Main Logo_7","TopBar_14","TopBar_15"]}]}}