{"TopParent":{"Type":"ControlInfo","Name":"Home Screen","Template":{"Id":"http://microsoft.com/appmagic/screen","Version":"1.0","LastModifiedTimestamp":"0","Name":"screen","FirstParty":true,"IsPremiumPcfControl":false,"IsCustomGroupControlTemplate":false,"CustomGroupControlTemplateName":"","IsComponentDefinition":false,"OverridableProperties":{}},"Index":0.0,"PublishOrderIndex":0,"VariantName":"","LayoutName":"","MetaDataIDKey":"","PersistMetaDataIDKey":false,"IsFromScreenLayout":false,"StyleName":"defaultScreenStyle","Parent":"","IsDataControl":false,"IsGroupControl":false,"IsAutoGenerated":false,"Rules":[{"Property":"Width","Category":"Design","InvariantScript":"Max(App.Width, App.MinScreenWidth)","RuleProviderType":"Unknown"},{"Property":"Height","Category":"Design","InvariantScript":"Max(App.Height, App.MinScreenHeight)","RuleProviderType":"Unknown"},{"Property":"ImagePosition","Category":"Design","InvariantScript":"ImagePosition.Fit","RuleProviderType":"Unknown"},{"Property":"Fill","Category":"Design","InvariantScript":"White","RuleProviderType":"Unknown"},{"Property":"LoadingSpinner","Category":"Design","InvariantScript":"LoadingSpinner.None","RuleProviderType":"Unknown"},{"Property":"LoadingSpinnerColor","Category":"Design","InvariantScript":"RGBA(56, 96, 178, 1)","RuleProviderType":"Unknown"},{"Property":"Size","Category":"Design","InvariantScript":"1 + CountRows(App.SizeBreakpoints) - CountIf(App.SizeBreakpoints, Value >= Self.Width)","RuleProviderType":"Unknown"},{"Property":"Orientation","Category":"Design","InvariantScript":"If(Self.Width < Self.Height, Layout.Vertical, Layout.Horizontal)","RuleProviderType":"Unknown"}],"ControlPropertyState":["Fill","ImagePosition","Height","Width","Size","Orientation","LoadingSpinner","LoadingSpinnerColor"],"IsLocked":false,"ControlUniqueId":"3","Children":[{"Type":"ControlInfo","Name":"TopBar","HasDynamicProperties":false,"Template":{"Id":"http://microsoft.com/appmagic/shapes/rectangle","Version":"2.1.1","LastModifiedTimestamp":"0","Name":"rectangle","FirstParty":true,"IsPremiumPcfControl":false,"IsCustomGroupControlTemplate":false,"CustomGroupControlTemplateName":"","IsComponentDefinition":false,"OverridableProperties":{}},"Index":0.0,"PublishOrderIndex":0,"VariantName":"","LayoutName":"","MetaDataIDKey":"","PersistMetaDataIDKey":false,"IsFromScreenLayout":false,"StyleName":"defaultRectangleStyle","Parent":"Home Screen","IsDataControl":false,"IsGroupControl":false,"IsAutoGenerated":false,"Rules":[{"Property":"Width","Category":"Design","InvariantScript":"640","RuleProviderType":"Unknown"},{"Property":"FocusedBorderThickness","Category":"Design","InvariantScript":"2","RuleProviderType":"Unknown"},{"Property":"BorderThickness","Category":"Design","InvariantScript":"0","RuleProviderType":"Unknown"},{"Property":"ZIndex","Category":"Design","InvariantScript":"2","RuleProviderType":"Unknown"},{"Property":"Y","Category":"Design","InvariantScript":"0","RuleProviderType":"Unknown"},{"Property":"X","Category":"Design","InvariantScript":"0","RuleProviderType":"Unknown"},{"Property":"Height","Category":"Design","InvariantScript":"86","RuleProviderType":"Unknown"},{"Property":"DisplayMode","Category":"Design","InvariantScript":"DisplayMode.Edit","RuleProviderType":"Unknown"},{"Property":"BorderStyle","Category":"Design","InvariantScript":"BorderStyle.Solid","RuleProviderType":"Unknown"},{"Property":"BorderColor","Category":"Design","InvariantScript":"RGBA(1, 22, 39, 1)","RuleProviderType":"Unknown"},{"Property":"Fill","Category":"Design","InvariantScript":"RGBA(1, 22, 39, 1)","RuleProviderType":"Unknown"},{"Property":"FocusedBorderColor","Category":"Design","InvariantScript":"Self.BorderColor","RuleProviderType":"Unknown"},{"Property":"HoverFill","Category":"Design","InvariantScript":"Self.Fill","RuleProviderType":"Unknown"},{"Property":"PressedFill","Category":"Design","InvariantScript":"Self.Fill","RuleProviderType":"Unknown"},{"Property":"DisabledFill","Category":"Design","InvariantScript":"Self.Fill","RuleProviderType":"Unknown"}],"ControlPropertyState":[{"InvariantPropertyName":"Fill","AutoRuleBindingEnabled":false,"AutoRuleBindingString":"","NameMapSourceSchema":"?","IsLockable":false,"AFDDataSourceName":""},"DisabledFill","PressedFill","HoverFill",{"InvariantPropertyName":"BorderColor","AutoRuleBindingEnabled":false,"AutoRuleBindingString":"","NameMapSourceSchema":"?","IsLockable":false,"AFDDataSourceName":""},"BorderStyle","FocusedBorderColor","DisplayMode","X","Y","Width","Height","ZIndex","BorderThickness","FocusedBorderThickness"],"IsLocked":false,"ControlUniqueId":"4","Children":[]},{"Type":"ControlInfo","Name":"Main Logo","HasDynamicProperties":false,"Template":{"Id":"http://microsoft.com/appmagic/image","Version":"2.1.1","LastModifiedTimestamp":"0","Name":"image","FirstParty":true,"IsPremiumPcfControl":false,"IsCustomGroupControlTemplate":false,"CustomGroupControlTemplateName":"","IsComponentDefinition":false,"OverridableProperties":{}},"Index":0.0,"PublishOrderIndex":2,"VariantName":"","LayoutName":"","MetaDataIDKey":"","PersistMetaDataIDKey":false,"IsFromScreenLayout":false,"StyleName":"defaultImageStyle","Parent":"Home Screen","IsDataControl":false,"IsGroupControl":false,"IsAutoGenerated":false,"Rules":[{"Property":"Image","Category":"Data","InvariantScript":"StylishYou_Logo_Main","RuleProviderType":"Unknown"},{"Property":"BorderThickness","Category":"Design","InvariantScript":"0","RuleProviderType":"Unknown"},{"Property":"RadiusBottomRight","Category":"Design","InvariantScript":"0","RuleProviderType":"Unknown"},{"Property":"RadiusBottomLeft","Category":"Design","InvariantScript":"0","RuleProviderType":"Unknown"},{"Property":"RadiusTopRight","Category":"Design","InvariantScript":"0","RuleProviderType":"Unknown"},{"Property":"RadiusTopLeft","Category":"Design","InvariantScript":"0","RuleProviderType":"Unknown"},{"Property":"ZIndex","Category":"Design","InvariantScript":"3","RuleProviderType":"Unknown"},{"Property":"DisplayMode","Category":"Design","InvariantScript":"DisplayMode.Edit","RuleProviderType":"Unknown"},{"Property":"BorderStyle","Category":"Design","InvariantScript":"BorderStyle.Solid","RuleProviderType":"Unknown"},{"Property":"DisabledBorderColor","Category":"Design","InvariantScript":"RGBA(166, 166, 166, 1)","RuleProviderType":"Unknown"},{"Property":"PaddingLeft","Category":"Design","InvariantScript":"0","RuleProviderType":"Unknown"},{"Property":"PaddingBottom","Category":"Design","InvariantScript":"0","RuleProviderType":"Unknown"},{"Property":"BorderColor","Category":"Design","InvariantScript":"RGBA(0, 18, 107, 1)","RuleProviderType":"Unknown"},{"Property":"DisabledFill","Category":"Design","InvariantScript":"RGBA(244, 244, 244, 1)","RuleProviderType":"Unknown"},{"Property":"PaddingRight","Category":"Design","InvariantScript":"0","RuleProviderType":"Unknown"},{"Property":"PaddingTop","Category":"Design","InvariantScript":"0","RuleProviderType":"Unknown"},{"Property":"FocusedBorderThickness","Category":"Design","InvariantScript":"2","RuleProviderType":"Unknown"},{"Property":"Fill","Category":"Design","InvariantScript":"RGBA(0, 0, 0, 0)","RuleProviderType":"Unknown"},{"Property":"Height","Category":"Design","InvariantScript":"172","RuleProviderType":"Unknown"},{"Property":"Width","Category":"Design","InvariantScript":"320","RuleProviderType":"Unknown"},{"Property":"Y","Category":"Design","InvariantScript":"0","RuleProviderType":"Unknown"},{"Property":"X","Category":"Design","InvariantScript":"146","RuleProviderType":"Unknown"},{"Property":"ImageRotation","Category":"Design","InvariantScript":"ImageRotation.None","RuleProviderType":"Unknown"},{"Property":"ImagePosition","Category":"Design","InvariantScript":"ImagePosition.Fit","RuleProviderType":"Unknown"},{"Property":"FocusedBorderColor","Category":"Design","InvariantScript":"Self.BorderColor","RuleProviderType":"Unknown"},{"Property":"HoverBorderColor","Category":"Design","InvariantScript":"ColorFade(Self.BorderColor, 20%)","RuleProviderType":"Unknown"},{"Property":"PressedBorderColor","Category":"Design","InvariantScript":"ColorFade(Self.BorderColor, -20%)","RuleProviderType":"Unknown"},{"Property":"HoverFill","Category":"Design","InvariantScript":"ColorFade(Self.Fill, 20%)","RuleProviderType":"Unknown"},{"Property":"PressedFill","Category":"Design","InvariantScript":"ColorFade(Self.Fill, -20%)","RuleProviderType":"Unknown"}],"ControlPropertyState":[{"InvariantPropertyName":"Image","AutoRuleBindingEnabled":false,"AutoRuleBindingString":"SampleImage","NameMapSourceSchema":"?","IsLockable":false,"AFDDataSourceName":""},"ImagePosition","ImageRotation","X","Y","Width","Height","Fill","DisabledFill","PressedFill","HoverFill","BorderColor","DisabledBorderColor","PressedBorderColor","HoverBorderColor","FocusedBorderColor","BorderStyle","DisplayMode","ZIndex","RadiusTopLeft","RadiusTopRight","RadiusBottomLeft","RadiusBottomRight","BorderThickness","FocusedBorderThickness","PaddingTop","PaddingRight","PaddingBottom","PaddingLeft"],"IsLocked":false,"ControlUniqueId":"5","Children":[]},{"Type":"ControlInfo","Name":"TopBar_1","HasDynamicProperties":false,"Template":{"Id":"http://microsoft.com/appmagic/shapes/rectangle","Version":"2.1.1","LastModifiedTimestamp":"0","Name":"rectangle","FirstParty":true,"IsPremiumPcfControl":false,"IsCustomGroupControlTemplate":false,"CustomGroupControlTemplateName":"","IsComponentDefinition":false,"OverridableProperties":{}},"Index":0.0,"PublishOrderIndex":3,"VariantName":"","LayoutName":"","MetaDataIDKey":"","PersistMetaDataIDKey":false,"IsFromScreenLayout":false,"StyleName":"defaultRectangleStyle","Parent":"Home Screen","IsDataControl":false,"IsGroupControl":false,"IsAutoGenerated":false,"Rules":[{"Property":"Width","Category":"Design","InvariantScript":"640","RuleProviderType":"Unknown"},{"Property":"FocusedBorderThickness","Category":"Design","InvariantScript":"2","RuleProviderType":"Unknown"},{"Property":"BorderThickness","Category":"Design","InvariantScript":"0","RuleProviderType":"Unknown"},{"Property":"ZIndex","Category":"Design","InvariantScript":"1","RuleProviderType":"Unknown"},{"Property":"Y","Category":"Design","InvariantScript":"86","RuleProviderType":"Unknown"},{"Property":"X","Category":"Design","InvariantScript":"0","RuleProviderType":"Unknown"},{"Property":"Height","Category":"Design","InvariantScript":"86","RuleProviderType":"Unknown"},{"Property":"DisplayMode","Category":"Design","InvariantScript":"DisplayMode.Edit","RuleProviderType":"Unknown"},{"Property":"BorderStyle","Category":"Design","InvariantScript":"BorderStyle.Solid","RuleProviderType":"Unknown"},{"Property":"BorderColor","Category":"Design","InvariantScript":"RGBA(240, 240, 240, 1)","RuleProviderType":"Unknown"},{"Property":"Fill","Category":"Design","InvariantScript":"RGBA(240, 240, 240, 1)","RuleProviderType":"Unknown"},{"Property":"FocusedBorderColor","Category":"Design","InvariantScript":"Self.BorderColor","RuleProviderType":"Unknown"},{"Property":"HoverFill","Category":"Design","InvariantScript":"Self.Fill","RuleProviderType":"Unknown"},{"Property":"PressedFill","Category":"Design","InvariantScript":"Self.Fill","RuleProviderType":"Unknown"},{"Property":"DisabledFill","Category":"Design","InvariantScript":"Self.Fill","RuleProviderType":"Unknown"}],"ControlPropertyState":[{"InvariantPropertyName":"Fill","AutoRuleBindingEnabled":false,"AutoRuleBindingString":"","NameMapSourceSchema":"?","IsLockable":false,"AFDDataSourceName":""},"DisabledFill","PressedFill","HoverFill",{"InvariantPropertyName":"BorderColor","AutoRuleBindingEnabled":false,"AutoRuleBindingString":"","NameMapSourceSchema":"?","IsLockable":false,"AFDDataSourceName":""},"BorderStyle","FocusedBorderColor","DisplayMode","X","Y","Width","Height","ZIndex","BorderThickness","FocusedBorderThickness"],"IsLocked":false,"ControlUniqueId":"6","Children":[]},{"Type":"ControlInfo","Name":"MensButton","HasDynamicProperties":false,"Template":{"Id":"http://microsoft.com/appmagic/button","Version":"2.0.0","LastModifiedTimestamp":"0","Name":"button","FirstParty":true,"IsPremiumPcfControl":false,"IsCustomGroupControlTemplate":false,"CustomGroupControlTemplateName":"","IsComponentDefinition":false,"OverridableProperties":{}},"Index":0.0,"PublishOrderIndex":4,"VariantName":"","LayoutName":"","MetaDataIDKey":"","PersistMetaDataIDKey":false,"IsFromScreenLayout":false,"StyleName":"defaultButtonStyle","Parent":"Home Screen","IsDataControl":false,"IsGroupControl":false,"IsAutoGenerated":false,"Rules":[{"Property":"Text","Category":"Data","InvariantScript":"\"Mens\"","RuleProviderType":"Unknown"},{"Property":"RadiusBottomRight","Category":"Design","InvariantScript":"10","RuleProviderType":"Unknown"},{"Property":"Size","Category":"Design","InvariantScript":"24","RuleProviderType":"Unknown"},{"Property":"RadiusBottomLeft","Category":"Design","InvariantScript":"10","RuleProviderType":"Unknown"},{"Property":"FocusedBorderThickness","Category":"Design","InvariantScript":"4","RuleProviderType":"Unknown"},{"Property":"Strikethrough","Category":"Design","InvariantScript":"false","RuleProviderType":"Unknown"},{"Property":"RadiusTopRight","Category":"Design","InvariantScript":"10","RuleProviderType":"Unknown"},{"Property":"Underline","Category":"Design","InvariantScript":"false","RuleProviderType":"Unknown"},{"Property":"RadiusTopLeft","Category":"Design","InvariantScript":"10","RuleProviderType":"Unknown"},{"Property":"ZIndex","Category":"Design","InvariantScript":"9","RuleProviderType":"Unknown"},{"Property":"BorderThickness","Category":"Design","InvariantScript":"2","RuleProviderType":"Unknown"},{"Property":"Height","Category":"Design","InvariantScript":"195","RuleProviderType":"Unknown"},{"Property":"Width","Category":"Design","InvariantScript":"203","RuleProviderType":"Unknown"},{"Property":"Y","Category":"Design","InvariantScript":"240","RuleProviderType":"Unknown"},{"Property":"X","Category":"Design","InvariantScript":"57","RuleProviderType":"Unknown"},{"Property":"Italic","Category":"Design","InvariantScript":"false","RuleProviderType":"Unknown"},{"Property":"VerticalAlign","Category":"Design","InvariantScript":"VerticalAlign.Middle","RuleProviderType":"Unknown"},{"Property":"Align","Category":"Design","InvariantScript":"Align.Center","RuleProviderType":"Unknown"},{"Property":"FontWeight","Category":"Design","InvariantScript":"FontWeight.Semibold","RuleProviderType":"Unknown"},{"Property":"Font","Category":"Design","InvariantScript":"TypeButtonColours.Font","RuleProviderType":"Unknown"},{"Property":"HoverFill","Category":"Design","InvariantScript":"TypeButtonColours.HoverFill","RuleProviderType":"Unknown"},{"Property":"DisabledFill","Category":"Design","InvariantScript":"RGBA(244, 244, 244, 1)","RuleProviderType":"Unknown"},{"Property":"Fill","Category":"Design","InvariantScript":"TypeButtonColours.Fill","RuleProviderType":"Unknown"},{"Property":"DisplayMode","Category":"Design","InvariantScript":"DisplayMode.Edit","RuleProviderType":"Unknown"},{"Property":"HoverColor","Category":"Design","InvariantScript":"TypeButtonColours.HoverColor","RuleProviderType":"Unknown"},{"Property":"DisabledColor","Category":"Design","InvariantScript":"TypeButtonColours.DisabledColor","RuleProviderType":"Unknown"},{"Property":"Color","Category":"Design","InvariantScript":"TypeButtonColours.Color","RuleProviderType":"Unknown"},{"Property":"BorderStyle","Category":"Design","InvariantScript":"BorderStyle.Solid","RuleProviderType":"Unknown"},{"Property":"DisabledBorderColor","Category":"Design","InvariantScript":"TypeButtonColours.DisabledBorderColor","RuleProviderType":"Unknown"},{"Property":"PressedColor","Category":"Design","InvariantScript":"TypeButtonColours.PressedColor","RuleProviderType":"Unknown"},{"Property":"PressedBorderColor","Category":"Design","InvariantScript":"TypeButtonColours.PressedBorderColor","RuleProviderType":"Unknown"},{"Property":"BorderColor","Category":"Design","InvariantScript":"TypeButtonColours.BorderColor","RuleProviderType":"Unknown"},{"Property":"PressedFill","Category":"Design","InvariantScript":"TypeButtonColours.PressedFill","RuleProviderType":"Unknown"},{"Property":"FocusedBorderColor","Category":"Design","InvariantScript":"Self.BorderColor","RuleProviderType":"Unknown"},{"Property":"HoverBorderColor","Category":"Design","InvariantScript":"TypeButtonColours.HoverBorderColor","RuleProviderType":"Unknown"},{"Property":"OnSelect","Category":"Behavior","InvariantScript":"Navigate([@MensSearchScreen],ScreenTransition.Fade);\r\n","RuleProviderType":"Unknown"}],"ControlPropertyState":[{"InvariantPropertyName":"Text","AutoRuleBindingEnabled":false,"AutoRuleBindingString":"\"Button\"","NameMapSourceSchema":"?","IsLockable":false,"AFDDataSourceName":""},{"InvariantPropertyName":"BorderColor","AutoRuleBindingEnabled":false,"AutoRuleBindingString":"ColorFade(Self.Fill, -15%)","NameMapSourceSchema":"?","IsLockable":false,"AFDDataSourceName":""},{"InvariantPropertyName":"DisabledBorderColor","AutoRuleBindingEnabled":false,"AutoRuleBindingString":"RGBA(166, 166, 166, 1)","NameMapSourceSchema":"?","IsLockable":false,"AFDDataSourceName":""},{"InvariantPropertyName":"PressedBorderColor","AutoRuleBindingEnabled":false,"AutoRuleBindingString":"Self.Fill","NameMapSourceSchema":"?","IsLockable":false,"AFDDataSourceName":""},{"InvariantPropertyName":"HoverBorderColor","AutoRuleBindingEnabled":false,"AutoRuleBindingString":"ColorFade(Self.BorderColor, 20%)","NameMapSourceSchema":"?","IsLockable":false,"AFDDataSourceName":""},"BorderStyle","FocusedBorderColor",{"InvariantPropertyName":"Color","AutoRuleBindingEnabled":false,"AutoRuleBindingString":"RGBA(255, 255, 255, 1)","NameMapSourceSchema":"?","IsLockable":false,"AFDDataSourceName":""},{"InvariantPropertyName":"DisabledColor","AutoRuleBindingEnabled":false,"AutoRuleBindingString":"RGBA(166, 166, 166, 1)","NameMapSourceSchema":"?","IsLockable":false,"AFDDataSourceName":""},{"InvariantPropertyName":"PressedColor","AutoRuleBindingEnabled":false,"AutoRuleBindingString":"Self.Fill","NameMapSourceSchema":"?","IsLockable":false,"AFDDataSourceName":""},{"InvariantPropertyName":"HoverColor","AutoRuleBindingEnabled":false,"AutoRuleBindingString":"RGBA(255, 255, 255, 1)","NameMapSourceSchema":"?","IsLockable":false,"AFDDataSourceName":""},"DisplayMode",{"InvariantPropertyName":"Fill","AutoRuleBindingEnabled":false,"AutoRuleBindingString":"","NameMapSourceSchema":"?","IsLockable":false,"AFDDataSourceName":""},"DisabledFill",{"InvariantPropertyName":"PressedFill","AutoRuleBindingEnabled":false,"AutoRuleBindingString":"Self.Color","NameMapSourceSchema":"?","IsLockable":false,"AFDDataSourceName":""},{"InvariantPropertyName":"HoverFill","AutoRuleBindingEnabled":false,"AutoRuleBindingString":"ColorFade(RGBA(56, 96, 178, 1), -20%)","NameMapSourceSchema":"?","IsLockable":false,"AFDDataSourceName":""},{"InvariantPropertyName":"Font","AutoRuleBindingEnabled":false,"AutoRuleBindingString":"Font.'Open Sans'","NameMapSourceSchema":"?","IsLockable":false,"AFDDataSourceName":""},"FontWeight","Align","VerticalAlign","X","Y","Width","Height","ZIndex","RadiusTopLeft","RadiusTopRight","RadiusBottomLeft","RadiusBottomRight","BorderThickness","FocusedBorderThickness","Size","Italic","Underline","Strikethrough",{"InvariantPropertyName":"OnSelect","AutoRuleBindingEnabled":false,"AutoRuleBindingString":"false","NameMapSourceSchema":"?","IsLockable":false,"AFDDataSourceName":""}],"IsLocked":false,"ControlUniqueId":"7","Children":[]},{"Type":"ControlInfo","Name":"LadiesButton","HasDynamicProperties":false,"Template":{"Id":"http://microsoft.com/appmagic/button","Version":"2.0.0","LastModifiedTimestamp":"0","Name":"button","FirstParty":true,"IsPremiumPcfControl":false,"IsCustomGroupControlTemplate":false,"CustomGroupControlTemplateName":"","IsComponentDefinition":false,"OverridableProperties":{}},"Index":0.0,"PublishOrderIndex":5,"VariantName":"","LayoutName":"","MetaDataIDKey":"","PersistMetaDataIDKey":false,"IsFromScreenLayout":false,"StyleName":"defaultButtonStyle","Parent":"Home Screen","IsDataControl":false,"IsGroupControl":false,"IsAutoGenerated":false,"Rules":[{"Property":"Text","Category":"Data","InvariantScript":"\"Ladies\"","RuleProviderType":"Unknown"},{"Property":"BorderThickness","Category":"Design","InvariantScript":"2","RuleProviderType":"Unknown"},{"Property":"PressedColor","Category":"Design","InvariantScript":"TypeButtonColours.PressedColor","RuleProviderType":"Unknown"},{"Property":"DisabledColor","Category":"Design","InvariantScript":"TypeButtonColours.DisabledColor","RuleProviderType":"Unknown"},{"Property":"Color","Category":"Design","InvariantScript":"TypeButtonColours.Color","RuleProviderType":"Unknown"},{"Property":"BorderStyle","Category":"Design","InvariantScript":"BorderStyle.Solid","RuleProviderType":"Unknown"},{"Property":"HoverBorderColor","Category":"Design","InvariantScript":"TypeButtonColours.HoverBorderColor","RuleProviderType":"Unknown"},{"Property":"PressedBorderColor","Category":"Design","InvariantScript":"TypeButtonColours.PressedBorderColor","RuleProviderType":"Unknown"},{"Property":"DisabledBorderColor","Category":"Design","InvariantScript":"TypeButtonColours.DisabledBorderColor","RuleProviderType":"Unknown"},{"Property":"BorderColor","Category":"Design","InvariantScript":"TypeButtonColours.BorderColor","RuleProviderType":"Unknown"},{"Property":"HoverColor","Category":"Design","InvariantScript":"TypeButtonColours.HoverColor","RuleProviderType":"Unknown"},{"Property":"DisplayMode","Category":"Design","InvariantScript":"DisplayMode.Edit","RuleProviderType":"Unknown"},{"Property":"Fill","Category":"Design","InvariantScript":"TypeButtonColours.Fill","RuleProviderType":"Unknown"},{"Property":"DisabledFill","Category":"Design","InvariantScript":"RGBA(244, 244, 244, 1)","RuleProviderType":"Unknown"},{"Property":"PressedFill","Category":"Design","InvariantScript":"TypeButtonColours.PressedFill","RuleProviderType":"Unknown"},{"Property":"FocusedBorderColor","Category":"Design","InvariantScript":"Self.BorderColor","RuleProviderType":"Unknown"},{"Property":"HoverFill","Category":"Design","InvariantScript":"TypeButtonColours.HoverFill","RuleProviderType":"Unknown"},{"Property":"Font","Category":"Design","InvariantScript":"TypeButtonColours.Font","RuleProviderType":"Unknown"},{"Property":"FontWeight","Category":"Design","InvariantScript":"FontWeight.Semibold","RuleProviderType":"Unknown"},{"Property":"Align","Category":"Design","InvariantScript":"Align.Center","RuleProviderType":"Unknown"},{"Property":"VerticalAlign","Category":"Design","InvariantScript":"VerticalAlign.Middle","RuleProviderType":"Unknown"},{"Property":"Y","Category":"Design","InvariantScript":"240","RuleProviderType":"Unknown"},{"Property":"Width","Category":"Design","InvariantScript":"203","RuleProviderType":"Unknown"},{"Property":"Height","Category":"Design","InvariantScript":"195","RuleProviderType":"Unknown"},{"Property":"ZIndex","Category":"Design","InvariantScript":"6","RuleProviderType":"Unknown"},{"Property":"Size","Category":"Design","InvariantScript":"24","RuleProviderType":"Unknown"},{"Property":"RadiusBottomLeft","Category":"Design","InvariantScript":"10","RuleProviderType":"Unknown"},{"Property":"FocusedBorderThickness","Category":"Design","InvariantScript":"4","RuleProviderType":"Unknown"},{"Property":"Underline","Category":"Design","InvariantScript":"false","RuleProviderType":"Unknown"},{"Property":"RadiusBottomRight","Category":"Design","InvariantScript":"10","RuleProviderType":"Unknown"},{"Property":"RadiusTopRight","Category":"Design","InvariantScript":"10","RuleProviderType":"Unknown"},{"Property":"RadiusTopLeft","Category":"Design","InvariantScript":"10","RuleProviderType":"Unknown"},{"Property":"X","Category":"Design","InvariantScript":"382","RuleProviderType":"Unknown"},{"Property":"Italic","Category":"Design","InvariantScript":"false","RuleProviderType":"Unknown"},{"Property":"Strikethrough","Category":"Design","InvariantScript":"false","RuleProviderType":"Unknown"},{"Property":"OnSelect","Category":"Behavior","InvariantScript":"Navigate([@LadiesSearchScreen],ScreenTransition.Fade);\r\nUpdateContext({TypeSelected: \"Ladies\"})","RuleProviderType":"Unknown"}],"ControlPropertyState":[{"InvariantPropertyName":"Text","AutoRuleBindingEnabled":false,"AutoRuleBindingString":"\"Button\"","NameMapSourceSchema":"?","IsLockable":false,"AFDDataSourceName":""},{"InvariantPropertyName":"BorderColor","AutoRuleBindingEnabled":false,"AutoRuleBindingString":"ColorFade(Self.Fill, -15%)","NameMapSourceSchema":"?","IsLockable":false,"AFDDataSourceName":""},{"InvariantPropertyName":"DisabledBorderColor","AutoRuleBindingEnabled":false,"AutoRuleBindingString":"RGBA(166, 166, 166, 1)","NameMapSourceSchema":"?","IsLockable":false,"AFDDataSourceName":""},{"InvariantPropertyName":"PressedBorderColor","AutoRuleBindingEnabled":false,"AutoRuleBindingString":"Self.Fill","NameMapSourceSchema":"?","IsLockable":false,"AFDDataSourceName":""},{"InvariantPropertyName":"HoverBorderColor","AutoRuleBindingEnabled":false,"AutoRuleBindingString":"ColorFade(Self.BorderColor, 20%)","NameMapSourceSchema":"?","IsLockable":false,"AFDDataSourceName":""},"BorderStyle","FocusedBorderColor",{"InvariantPropertyName":"Color","AutoRuleBindingEnabled":false,"AutoRuleBindingString":"RGBA(255, 255, 255, 1)","NameMapSourceSchema":"?","IsLockable":false,"AFDDataSourceName":""},{"InvariantPropertyName":"DisabledColor","AutoRuleBindingEnabled":false,"AutoRuleBindingString":"RGBA(166, 166, 166, 1)","NameMapSourceSchema":"?","IsLockable":false,"AFDDataSourceName":""},{"InvariantPropertyName":"PressedColor","AutoRuleBindingEnabled":false,"AutoRuleBindingString":"Self.Fill","NameMapSourceSchema":"?","IsLockable":false,"AFDDataSourceName":""},{"InvariantPropertyName":"HoverColor","AutoRuleBindingEnabled":false,"AutoRuleBindingString":"RGBA(255, 255, 255, 1)","NameMapSourceSchema":"?","IsLockable":false,"AFDDataSourceName":""},"DisplayMode",{"InvariantPropertyName":"Fill","AutoRuleBindingEnabled":false,"AutoRuleBindingString":"","NameMapSourceSchema":"?","IsLockable":false,"AFDDataSourceName":""},"DisabledFill",{"InvariantPropertyName":"PressedFill","AutoRuleBindingEnabled":false,"AutoRuleBindingString":"Self.Color","NameMapSourceSchema":"?","IsLockable":false,"AFDDataSourceName":""},{"InvariantPropertyName":"HoverFill","AutoRuleBindingEnabled":false,"AutoRuleBindingString":"ColorFade(RGBA(56, 96, 178, 1), -20%)","NameMapSourceSchema":"?","IsLockable":false,"AFDDataSourceName":""},{"InvariantPropertyName":"Font","AutoRuleBindingEnabled":false,"AutoRuleBindingString":"Font.'Open Sans'","NameMapSourceSchema":"?","IsLockable":false,"AFDDataSourceName":""},"FontWeight","Align","VerticalAlign","X","Y","Width","Height","ZIndex","RadiusTopLeft","RadiusTopRight","RadiusBottomLeft","RadiusBottomRight","BorderThickness","FocusedBorderThickness","Size","Italic","Underline","Strikethrough",{"InvariantPropertyName":"OnSelect","AutoRuleBindingEnabled":false,"AutoRuleBindingString":"false","NameMapSourceSchema":"?","IsLockable":false,"AFDDataSourceName":""}],"IsLocked":false,"ControlUniqueId":"8","Children":[]},{"Type":"ControlInfo","Name":"BoysButton","HasDynamicProperties":false,"Template":{"Id":"http://microsoft.com/appmagic/button","Version":"2.0.0","LastModifiedTimestamp":"0","Name":"button","FirstParty":true,"IsPremiumPcfControl":false,"IsCustomGroupControlTemplate":false,"CustomGroupControlTemplateName":"","IsComponentDefinition":false,"OverridableProperties":{}},"Index":0.0,"PublishOrderIndex":6,"VariantName":"","LayoutName":"","MetaDataIDKey":"","PersistMetaDataIDKey":false,"IsFromScreenLayout":false,"StyleName":"defaultButtonStyle","Parent":"Home Screen","IsDataControl":false,"IsGroupControl":false,"IsAutoGenerated":false,"Rules":[{"Property":"Text","Category":"Data","InvariantScript":"\"Boys\"","RuleProviderType":"Unknown"},{"Property":"BorderThickness","Category":"Design","InvariantScript":"2","RuleProviderType":"Unknown"},{"Property":"PressedColor","Category":"Design","InvariantScript":"TypeButtonColours.PressedColor","RuleProviderType":"Unknown"},{"Property":"DisabledColor","Category":"Design","InvariantScript":"TypeButtonColours.DisabledColor","RuleProviderType":"Unknown"},{"Property":"Color","Category":"Design","InvariantScript":"TypeButtonColours.Color","RuleProviderType":"Unknown"},{"Property":"BorderStyle","Category":"Design","InvariantScript":"BorderStyle.Solid","RuleProviderType":"Unknown"},{"Property":"HoverBorderColor","Category":"Design","InvariantScript":"TypeButtonColours.HoverBorderColor","RuleProviderType":"Unknown"},{"Property":"PressedBorderColor","Category":"Design","InvariantScript":"TypeButtonColours.PressedBorderColor","RuleProviderType":"Unknown"},{"Property":"DisabledBorderColor","Category":"Design","InvariantScript":"TypeButtonColours.DisabledBorderColor","RuleProviderType":"Unknown"},{"Property":"BorderColor","Category":"Design","InvariantScript":"TypeButtonColours.BorderColor","RuleProviderType":"Unknown"},{"Property":"HoverColor","Category":"Design","InvariantScript":"TypeButtonColours.HoverColor","RuleProviderType":"Unknown"},{"Property":"DisplayMode","Category":"Design","InvariantScript":"DisplayMode.Edit","RuleProviderType":"Unknown"},{"Property":"Fill","Category":"Design","InvariantScript":"TypeButtonColours.Fill","RuleProviderType":"Unknown"},{"Property":"DisabledFill","Category":"Design","InvariantScript":"RGBA(244, 244, 244, 1)","RuleProviderType":"Unknown"},{"Property":"PressedFill","Category":"Design","InvariantScript":"TypeButtonColours.PressedFill","RuleProviderType":"Unknown"},{"Property":"FocusedBorderColor","Category":"Design","InvariantScript":"Self.BorderColor","RuleProviderType":"Unknown"},{"Property":"HoverFill","Category":"Design","InvariantScript":"TypeButtonColours.HoverFill","RuleProviderType":"Unknown"},{"Property":"Font","Category":"Design","InvariantScript":"TypeButtonColours.Font","RuleProviderType":"Unknown"},{"Property":"FontWeight","Category":"Design","InvariantScript":"FontWeight.Semibold","RuleProviderType":"Unknown"},{"Property":"Align","Category":"Design","InvariantScript":"Align.Center","RuleProviderType":"Unknown"},{"Property":"VerticalAlign","Category":"Design","InvariantScript":"VerticalAlign.Middle","RuleProviderType":"Unknown"},{"Property":"Y","Category":"Design","InvariantScript":"546","RuleProviderType":"Unknown"},{"Property":"Width","Category":"Design","InvariantScript":"203","RuleProviderType":"Unknown"},{"Property":"Height","Category":"Design","InvariantScript":"195","RuleProviderType":"Unknown"},{"Property":"ZIndex","Category":"Design","InvariantScript":"8","RuleProviderType":"Unknown"},{"Property":"Size","Category":"Design","InvariantScript":"24","RuleProviderType":"Unknown"},{"Property":"RadiusBottomLeft","Category":"Design","InvariantScript":"10","RuleProviderType":"Unknown"},{"Property":"FocusedBorderThickness","Category":"Design","InvariantScript":"4","RuleProviderType":"Unknown"},{"Property":"Underline","Category":"Design","InvariantScript":"false","RuleProviderType":"Unknown"},{"Property":"RadiusBottomRight","Category":"Design","InvariantScript":"10","RuleProviderType":"Unknown"},{"Property":"RadiusTopRight","Category":"Design","InvariantScript":"10","RuleProviderType":"Unknown"},{"Property":"RadiusTopLeft","Category":"Design","InvariantScript":"10","RuleProviderType":"Unknown"},{"Property":"X","Category":"Design","InvariantScript":"57","RuleProviderType":"Unknown"},{"Property":"Italic","Category":"Design","InvariantScript":"false","RuleProviderType":"Unknown"},{"Property":"Strikethrough","Category":"Design","InvariantScript":"false","RuleProviderType":"Unknown"},{"Property":"OnSelect","Category":"Behavior","InvariantScript":"Navigate([@BoysSearchScreen],ScreenTransition.Fade)","RuleProviderType":"Unknown"}],"ControlPropertyState":[{"InvariantPropertyName":"Text","AutoRuleBindingEnabled":false,"AutoRuleBindingString":"\"Button\"","NameMapSourceSchema":"?","IsLockable":false,"AFDDataSourceName":""},{"InvariantPropertyName":"BorderColor","AutoRuleBindingEnabled":false,"AutoRuleBindingString":"ColorFade(Self.Fill, -15%)","NameMapSourceSchema":"?","IsLockable":false,"AFDDataSourceName":""},{"InvariantPropertyName":"DisabledBorderColor","AutoRuleBindingEnabled":false,"AutoRuleBindingString":"RGBA(166, 166, 166, 1)","NameMapSourceSchema":"?","IsLockable":false,"AFDDataSourceName":""},{"InvariantPropertyName":"PressedBorderColor","AutoRuleBindingEnabled":false,"AutoRuleBindingString":"Self.Fill","NameMapSourceSchema":"?","IsLockable":false,"AFDDataSourceName":""},{"InvariantPropertyName":"HoverBorderColor","AutoRuleBindingEnabled":false,"AutoRuleBindingString":"ColorFade(Self.BorderColor, 20%)","NameMapSourceSchema":"?","IsLockable":false,"AFDDataSourceName":""},"BorderStyle","FocusedBorderColor",{"InvariantPropertyName":"Color","AutoRuleBindingEnabled":false,"AutoRuleBindingString":"RGBA(255, 255, 255, 1)","NameMapSourceSchema":"?","IsLockable":false,"AFDDataSourceName":""},{"InvariantPropertyName":"DisabledColor","AutoRuleBindingEnabled":false,"AutoRuleBindingString":"RGBA(166, 166, 166, 1)","NameMapSourceSchema":"?","IsLockable":false,"AFDDataSourceName":""},{"InvariantPropertyName":"PressedColor","AutoRuleBindingEnabled":false,"AutoRuleBindingString":"Self.Fill","NameMapSourceSchema":"?","IsLockable":false,"AFDDataSourceName":""},{"InvariantPropertyName":"HoverColor","AutoRuleBindingEnabled":false,"AutoRuleBindingString":"RGBA(255, 255, 255, 1)","NameMapSourceSchema":"?","IsLockable":false,"AFDDataSourceName":""},"DisplayMode",{"InvariantPropertyName":"Fill","AutoRuleBindingEnabled":false,"AutoRuleBindingString":"","NameMapSourceSchema":"?","IsLockable":false,"AFDDataSourceName":""},"DisabledFill",{"InvariantPropertyName":"PressedFill","AutoRuleBindingEnabled":false,"AutoRuleBindingString":"Self.Color","NameMapSourceSchema":"?","IsLockable":false,"AFDDataSourceName":""},{"InvariantPropertyName":"HoverFill","AutoRuleBindingEnabled":false,"AutoRuleBindingString":"ColorFade(RGBA(56, 96, 178, 1), -20%)","NameMapSourceSchema":"?","IsLockable":false,"AFDDataSourceName":""},{"InvariantPropertyName":"Font","AutoRuleBindingEnabled":false,"AutoRuleBindingString":"Font.'Open Sans'","NameMapSourceSchema":"?","IsLockable":false,"AFDDataSourceName":""},"FontWeight","Align","VerticalAlign","X","Y","Width","Height","ZIndex","RadiusTopLeft","RadiusTopRight","RadiusBottomLeft","RadiusBottomRight","BorderThickness","FocusedBorderThickness","Size","Italic","Underline","Strikethrough",{"InvariantPropertyName":"OnSelect","AutoRuleBindingEnabled":false,"AutoRuleBindingString":"false","NameMapSourceSchema":"?","IsLockable":false,"AFDDataSourceName":""}],"IsLocked":false,"ControlUniqueId":"9","Children":[]},{"Type":"ControlInfo","Name":"GirlsButton","HasDynamicProperties":false,"Template":{"Id":"http://microsoft.com/appmagic/button","Version":"2.0.0","LastModifiedTimestamp":"0","Name":"button","FirstParty":true,"IsPremiumPcfControl":false,"IsCustomGroupControlTemplate":false,"CustomGroupControlTemplateName":"","IsComponentDefinition":false,"OverridableProperties":{}},"Index":0.0,"PublishOrderIndex":7,"VariantName":"","LayoutName":"","MetaDataIDKey":"","PersistMetaDataIDKey":false,"IsFromScreenLayout":false,"StyleName":"defaultButtonStyle","Parent":"Home Screen","IsDataControl":false,"IsGroupControl":false,"IsAutoGenerated":false,"Rules":[{"Property":"Text","Category":"Data","InvariantScript":"\"Girls\"","RuleProviderType":"Unknown"},{"Property":"BorderThickness","Category":"Design","InvariantScript":"2","RuleProviderType":"Unknown"},{"Property":"PressedColor","Category":"Design","InvariantScript":"TypeButtonColours.PressedColor","RuleProviderType":"Unknown"},{"Property":"DisabledColor","Category":"Design","InvariantScript":"TypeButtonColours.DisabledColor","RuleProviderType":"Unknown"},{"Property":"Color","Category":"Design","InvariantScript":"TypeButtonColours.Color","RuleProviderType":"Unknown"},{"Property":"BorderStyle","Category":"Design","InvariantScript":"BorderStyle.Solid","RuleProviderType":"Unknown"},{"Property":"HoverBorderColor","Category":"Design","InvariantScript":"TypeButtonColours.HoverBorderColor","RuleProviderType":"Unknown"},{"Property":"PressedBorderColor","Category":"Design","InvariantScript":"TypeButtonColours.PressedBorderColor","RuleProviderType":"Unknown"},{"Property":"DisabledBorderColor","Category":"Design","InvariantScript":"TypeButtonColours.DisabledBorderColor","RuleProviderType":"Unknown"},{"Property":"BorderColor","Category":"Design","InvariantScript":"TypeButtonColours.BorderColor","RuleProviderType":"Unknown"},{"Property":"HoverColor","Category":"Design","InvariantScript":"TypeButtonColours.HoverColor","RuleProviderType":"Unknown"},{"Property":"DisplayMode","Category":"Design","InvariantScript":"DisplayMode.Edit","RuleProviderType":"Unknown"},{"Property":"Fill","Category":"Design","InvariantScript":"TypeButtonColours.Fill","RuleProviderType":"Unknown"},{"Property":"DisabledFill","Category":"Design","InvariantScript":"RGBA(244, 244, 244, 1)","RuleProviderType":"Unknown"},{"Property":"PressedFill","Category":"Design","InvariantScript":"TypeButtonColours.PressedFill","RuleProviderType":"Unknown"},{"Property":"FocusedBorderColor","Category":"Design","InvariantScript":"Self.BorderColor","RuleProviderType":"Unknown"},{"Property":"HoverFill","Category":"Design","InvariantScript":"TypeButtonColours.HoverFill","RuleProviderType":"Unknown"},{"Property":"Font","Category":"Design","InvariantScript":"TypeButtonColours.Font","RuleProviderType":"Unknown"},{"Property":"FontWeight","Category":"Design","InvariantScript":"FontWeight.Semibold","RuleProviderType":"Unknown"},{"Property":"Align","Category":"Design","InvariantScript":"Align.Center","RuleProviderType":"Unknown"},{"Property":"VerticalAlign","Category":"Design","InvariantScript":"VerticalAlign.Middle","RuleProviderType":"Unknown"},{"Property":"Y","Category":"Design","InvariantScript":"546","RuleProviderType":"Unknown"},{"Property":"Width","Category":"Design","InvariantScript":"203","RuleProviderType":"Unknown"},{"Property":"Height","Category":"Design","InvariantScript":"195","RuleProviderType":"Unknown"},{"Property":"ZIndex","Category":"Design","InvariantScript":"5","RuleProviderType":"Unknown"},{"Property":"Size","Category":"Design","InvariantScript":"24","RuleProviderType":"Unknown"},{"Property":"RadiusBottomLeft","Category":"Design","InvariantScript":"10","RuleProviderType":"Unknown"},{"Property":"FocusedBorderThickness","Category":"Design","InvariantScript":"4","RuleProviderType":"Unknown"},{"Property":"Underline","Category":"Design","InvariantScript":"false","RuleProviderType":"Unknown"},{"Property":"RadiusBottomRight","Category":"Design","InvariantScript":"10","RuleProviderType":"Unknown"},{"Property":"RadiusTopRight","Category":"Design","InvariantScript":"10","RuleProviderType":"Unknown"},{"Property":"RadiusTopLeft","Category":"Design","InvariantScript":"10","RuleProviderType":"Unknown"},{"Property":"X","Category":"Design","InvariantScript":"382","RuleProviderType":"Unknown"},{"Property":"Italic","Category":"Design","InvariantScript":"false","RuleProviderType":"Unknown"},{"Property":"Strikethrough","Category":"Design","InvariantScript":"false","RuleProviderType":"Unknown"},{"Property":"OnSelect","Category":"Behavior","InvariantScript":"Navigate([@GirlsSearchScreen],ScreenTransition.Fade)","RuleProviderType":"Unknown"}],"ControlPropertyState":[{"InvariantPropertyName":"Text","AutoRuleBindingEnabled":false,"AutoRuleBindingString":"\"Button\"","NameMapSourceSchema":"?","IsLockable":false,"AFDDataSourceName":""},{"InvariantPropertyName":"BorderColor","AutoRuleBindingEnabled":false,"AutoRuleBindingString":"ColorFade(Self.Fill, -15%)","NameMapSourceSchema":"?","IsLockable":false,"AFDDataSourceName":""},{"InvariantPropertyName":"DisabledBorderColor","AutoRuleBindingEnabled":false,"AutoRuleBindingString":"RGBA(166, 166, 166, 1)","NameMapSourceSchema":"?","IsLockable":false,"AFDDataSourceName":""},{"InvariantPropertyName":"PressedBorderColor","AutoRuleBindingEnabled":false,"AutoRuleBindingString":"Self.Fill","NameMapSourceSchema":"?","IsLockable":false,"AFDDataSourceName":""},{"InvariantPropertyName":"HoverBorderColor","AutoRuleBindingEnabled":false,"AutoRuleBindingString":"ColorFade(Self.BorderColor, 20%)","NameMapSourceSchema":"?","IsLockable":false,"AFDDataSourceName":""},"BorderStyle","FocusedBorderColor",{"InvariantPropertyName":"Color","AutoRuleBindingEnabled":false,"AutoRuleBindingString":"RGBA(255, 255, 255, 1)","NameMapSourceSchema":"?","IsLockable":false,"AFDDataSourceName":""},{"InvariantPropertyName":"DisabledColor","AutoRuleBindingEnabled":false,"AutoRuleBindingString":"RGBA(166, 166, 166, 1)","NameMapSourceSchema":"?","IsLockable":false,"AFDDataSourceName":""},{"InvariantPropertyName":"PressedColor","AutoRuleBindingEnabled":false,"AutoRuleBindingString":"Self.Fill","NameMapSourceSchema":"?","IsLockable":false,"AFDDataSourceName":""},{"InvariantPropertyName":"HoverColor","AutoRuleBindingEnabled":false,"AutoRuleBindingString":"RGBA(255, 255, 255, 1)","NameMapSourceSchema":"?","IsLockable":false,"AFDDataSourceName":""},"DisplayMode",{"InvariantPropertyName":"Fill","AutoRuleBindingEnabled":false,"AutoRuleBindingString":"","NameMapSourceSchema":"?","IsLockable":false,"AFDDataSourceName":""},"DisabledFill",{"InvariantPropertyName":"PressedFill","AutoRuleBindingEnabled":false,"AutoRuleBindingString":"Self.Color","NameMapSourceSchema":"?","IsLockable":false,"AFDDataSourceName":""},{"InvariantPropertyName":"HoverFill","AutoRuleBindingEnabled":false,"AutoRuleBindingString":"ColorFade(RGBA(56, 96, 178, 1), -20%)","NameMapSourceSchema":"?","IsLockable":false,"AFDDataSourceName":""},{"InvariantPropertyName":"Font","AutoRuleBindingEnabled":false,"AutoRuleBindingString":"Font.'Open Sans'","NameMapSourceSchema":"?","IsLockable":false,"AFDDataSourceName":""},"FontWeight","Align","VerticalAlign","X","Y","Width","Height","ZIndex","RadiusTopLeft","RadiusTopRight","RadiusBottomLeft","RadiusBottomRight","BorderThickness","FocusedBorderThickness","Size","Italic","Underline","Strikethrough",{"InvariantPropertyName":"OnSelect","AutoRuleBindingEnabled":false,"AutoRuleBindingString":"false","NameMapSourceSchema":"?","IsLockable":false,"AFDDataSourceName":""}],"IsLocked":false,"ControlUniqueId":"10","Children":[]},{"Type":"ControlInfo","Name":"BrandButton","HasDynamicProperties":false,"Template":{"Id":"http://microsoft.com/appmagic/button","Version":"2.0.0","LastModifiedTimestamp":"0","Name":"button","FirstParty":true,"IsPremiumPcfControl":false,"IsCustomGroupControlTemplate":false,"CustomGroupControlTemplateName":"","IsComponentDefinition":false,"OverridableProperties":{}},"Index":0.0,"PublishOrderIndex":8,"VariantName":"","LayoutName":"","MetaDataIDKey":"","PersistMetaDataIDKey":false,"IsFromScreenLayout":false,"StyleName":"defaultButtonStyle","Parent":"Home Screen","IsDataControl":false,"IsGroupControl":false,"IsAutoGenerated":false,"Rules":[{"Property":"Text","Category":"Data","InvariantScript":"\"Brand\"","RuleProviderType":"Unknown"},{"Property":"BorderThickness","Category":"Design","InvariantScript":"2","RuleProviderType":"Unknown"},{"Property":"PressedColor","Category":"Design","InvariantScript":"TypeButtonColours.PressedColor","RuleProviderType":"Unknown"},{"Property":"DisabledColor","Category":"Design","InvariantScript":"TypeButtonColours.DisabledColor","RuleProviderType":"Unknown"},{"Property":"Color","Category":"Design","InvariantScript":"TypeButtonColours.Color","RuleProviderType":"Unknown"},{"Property":"BorderStyle","Category":"Design","InvariantScript":"BorderStyle.Solid","RuleProviderType":"Unknown"},{"Property":"HoverBorderColor","Category":"Design","InvariantScript":"TypeButtonColours.HoverBorderColor","RuleProviderType":"Unknown"},{"Property":"PressedBorderColor","Category":"Design","InvariantScript":"TypeButtonColours.PressedBorderColor","RuleProviderType":"Unknown"},{"Property":"DisabledBorderColor","Category":"Design","InvariantScript":"TypeButtonColours.DisabledBorderColor","RuleProviderType":"Unknown"},{"Property":"BorderColor","Category":"Design","InvariantScript":"TypeButtonColours.BorderColor","RuleProviderType":"Unknown"},{"Property":"HoverColor","Category":"Design","InvariantScript":"TypeButtonColours.HoverColor","RuleProviderType":"Unknown"},{"Property":"DisplayMode","Category":"Design","InvariantScript":"DisplayMode.Edit","RuleProviderType":"Unknown"},{"Property":"Fill","Category":"Design","InvariantScript":"TypeButtonColours.Fill","RuleProviderType":"Unknown"},{"Property":"DisabledFill","Category":"Design","InvariantScript":"RGBA(244, 244, 244, 1)","RuleProviderType":"Unknown"},{"Property":"PressedFill","Category":"Design","InvariantScript":"TypeButtonColours.PressedFill","RuleProviderType":"Unknown"},{"Property":"FocusedBorderColor","Category":"Design","InvariantScript":"Self.BorderColor","RuleProviderType":"Unknown"},{"Property":"HoverFill","Category":"Design","InvariantScript":"TypeButtonColours.HoverFill","RuleProviderType":"Unknown"},{"Property":"Font","Category":"Design","InvariantScript":"TypeButtonColours.Font","RuleProviderType":"Unknown"},{"Property":"FontWeight","Category":"Design","InvariantScript":"FontWeight.Semibold","RuleProviderType":"Unknown"},{"Property":"Align","Category":"Design","InvariantScript":"Align.Center","RuleProviderType":"Unknown"},{"Property":"VerticalAlign","Category":"Design","InvariantScript":"VerticalAlign.Middle","RuleProviderType":"Unknown"},{"Property":"Y","Category":"Design","InvariantScript":"863","RuleProviderType":"Unknown"},{"Property":"Width","Category":"Design","InvariantScript":"203","RuleProviderType":"Unknown"},{"Property":"Height","Category":"Design","InvariantScript":"195","RuleProviderType":"Unknown"},{"Property":"ZIndex","Category":"Design","InvariantScript":"7","RuleProviderType":"Unknown"},{"Property":"Size","Category":"Design","InvariantScript":"24","RuleProviderType":"Unknown"},{"Property":"RadiusBottomLeft","Category":"Design","InvariantScript":"10","RuleProviderType":"Unknown"},{"Property":"FocusedBorderThickness","Category":"Design","InvariantScript":"4","RuleProviderType":"Unknown"},{"Property":"Underline","Category":"Design","InvariantScript":"false","RuleProviderType":"Unknown"},{"Property":"RadiusBottomRight","Category":"Design","InvariantScript":"10","RuleProviderType":"Unknown"},{"Property":"RadiusTopRight","Category":"Design","InvariantScript":"10","RuleProviderType":"Unknown"},{"Property":"RadiusTopLeft","Category":"Design","InvariantScript":"10","RuleProviderType":"Unknown"},{"Property":"X","Category":"Design","InvariantScript":"57","RuleProviderType":"Unknown"},{"Property":"Italic","Category":"Design","InvariantScript":"false","RuleProviderType":"Unknown"},{"Property":"Strikethrough","Category":"Design","InvariantScript":"false","RuleProviderType":"Unknown"},{"Property":"OnSelect","Category":"Behavior","InvariantScript":"Navigate([@BrandSearchScreen],Fade)","RuleProviderType":"Unknown"}],"ControlPropertyState":[{"InvariantPropertyName":"Text","AutoRuleBindingEnabled":false,"AutoRuleBindingString":"\"Button\"","NameMapSourceSchema":"?","IsLockable":false,"AFDDataSourceName":""},{"InvariantPropertyName":"BorderColor","AutoRuleBindingEnabled":false,"AutoRuleBindingString":"ColorFade(Self.Fill, -15%)","NameMapSourceSchema":"?","IsLockable":false,"AFDDataSourceName":""},{"InvariantPropertyName":"DisabledBorderColor","AutoRuleBindingEnabled":false,"AutoRuleBindingString":"RGBA(166, 166, 166, 1)","NameMapSourceSchema":"?","IsLockable":false,"AFDDataSourceName":""},{"InvariantPropertyName":"PressedBorderColor","AutoRuleBindingEnabled":false,"AutoRuleBindingString":"Self.Fill","NameMapSourceSchema":"?","IsLockable":false,"AFDDataSourceName":""},{"InvariantPropertyName":"HoverBorderColor","AutoRuleBindingEnabled":false,"AutoRuleBindingString":"ColorFade(Self.BorderColor, 20%)","NameMapSourceSchema":"?","IsLockable":false,"AFDDataSourceName":""},"BorderStyle","FocusedBorderColor",{"InvariantPropertyName":"Color","AutoRuleBindingEnabled":false,"AutoRuleBindingString":"RGBA(255, 255, 255, 1)","NameMapSourceSchema":"?","IsLockable":false,"AFDDataSourceName":""},{"InvariantPropertyName":"DisabledColor","AutoRuleBindingEnabled":false,"AutoRuleBindingString":"RGBA(166, 166, 166, 1)","NameMapSourceSchema":"?","IsLockable":false,"AFDDataSourceName":""},{"InvariantPropertyName":"PressedColor","AutoRuleBindingEnabled":false,"AutoRuleBindingString":"Self.Fill","NameMapSourceSchema":"?","IsLockable":false,"AFDDataSourceName":""},{"InvariantPropertyName":"HoverColor","AutoRuleBindingEnabled":false,"AutoRuleBindingString":"RGBA(255, 255, 255, 1)","NameMapSourceSchema":"?","IsLockable":false,"AFDDataSourceName":""},"DisplayMode",{"InvariantPropertyName":"Fill","AutoRuleBindingEnabled":false,"AutoRuleBindingString":"","NameMapSourceSchema":"?","IsLockable":false,"AFDDataSourceName":""},"DisabledFill",{"InvariantPropertyName":"PressedFill","AutoRuleBindingEnabled":false,"AutoRuleBindingString":"Self.Color","NameMapSourceSchema":"?","IsLockable":false,"AFDDataSourceName":""},{"InvariantPropertyName":"HoverFill","AutoRuleBindingEnabled":false,"AutoRuleBindingString":"ColorFade(RGBA(56, 96, 178, 1), -20%)","NameMapSourceSchema":"?","IsLockable":false,"AFDDataSourceName":""},{"InvariantPropertyName":"Font","AutoRuleBindingEnabled":false,"AutoRuleBindingString":"Font.'Open Sans'","NameMapSourceSchema":"?","IsLockable":false,"AFDDataSourceName":""},"FontWeight","Align","VerticalAlign","X","Y","Width","Height","ZIndex","RadiusTopLeft","RadiusTopRight","RadiusBottomLeft","RadiusBottomRight","BorderThickness","FocusedBorderThickness","Size","Italic","Underline","Strikethrough",{"InvariantPropertyName":"OnSelect","AutoRuleBindingEnabled":false,"AutoRuleBindingString":"false","NameMapSourceSchema":"?","IsLockable":false,"AFDDataSourceName":""}],"IsLocked":false,"ControlUniqueId":"11","Children":[]},{"Type":"ControlInfo","Name":"ProductTypeButton","HasDynamicProperties":false,"Template":{"Id":"http://microsoft.com/appmagic/button","Version":"2.0.0","LastModifiedTimestamp":"0","Name":"button","FirstParty":true,"IsPremiumPcfControl":false,"IsCustomGroupControlTemplate":false,"CustomGroupControlTemplateName":"","IsComponentDefinition":false,"OverridableProperties":{}},"Index":0.0,"PublishOrderIndex":9,"VariantName":"","LayoutName":"","MetaDataIDKey":"","PersistMetaDataIDKey":false,"IsFromScreenLayout":false,"StyleName":"defaultButtonStyle","Parent":"Home Screen","IsDataControl":false,"IsGroupControl":false,"IsAutoGenerated":false,"Rules":[{"Property":"Text","Category":"Data","InvariantScript":"\"Product Type\"","RuleProviderType":"Unknown"},{"Property":"BorderThickness","Category":"Design","InvariantScript":"2","RuleProviderType":"Unknown"},{"Property":"PressedColor","Category":"Design","InvariantScript":"TypeButtonColours.PressedColor","RuleProviderType":"Unknown"},{"Property":"DisabledColor","Category":"Design","InvariantScript":"TypeButtonColours.DisabledColor","RuleProviderType":"Unknown"},{"Property":"Color","Category":"Design","InvariantScript":"TypeButtonColours.Color","RuleProviderType":"Unknown"},{"Property":"BorderStyle","Category":"Design","InvariantScript":"BorderStyle.Solid","RuleProviderType":"Unknown"},{"Property":"HoverBorderColor","Category":"Design","InvariantScript":"TypeButtonColours.HoverBorderColor","RuleProviderType":"Unknown"},{"Property":"PressedBorderColor","Category":"Design","InvariantScript":"TypeButtonColours.PressedBorderColor","RuleProviderType":"Unknown"},{"Property":"DisabledBorderColor","Category":"Design","InvariantScript":"TypeButtonColours.DisabledBorderColor","RuleProviderType":"Unknown"},{"Property":"BorderColor","Category":"Design","InvariantScript":"TypeButtonColours.BorderColor","RuleProviderType":"Unknown"},{"Property":"HoverColor","Category":"Design","InvariantScript":"TypeButtonColours.HoverColor","RuleProviderType":"Unknown"},{"Property":"DisplayMode","Category":"Design","InvariantScript":"DisplayMode.Edit","RuleProviderType":"Unknown"},{"Property":"Fill","Category":"Design","InvariantScript":"TypeButtonColours.Fill","RuleProviderType":"Unknown"},{"Property":"DisabledFill","Category":"Design","InvariantScript":"RGBA(244, 244, 244, 1)","RuleProviderType":"Unknown"},{"Property":"PressedFill","Category":"Design","InvariantScript":"TypeButtonColours.PressedFill","RuleProviderType":"Unknown"},{"Property":"FocusedBorderColor","Category":"Design","InvariantScript":"Self.BorderColor","RuleProviderType":"Unknown"},{"Property":"HoverFill","Category":"Design","InvariantScript":"TypeButtonColours.HoverFill","RuleProviderType":"Unknown"},{"Property":"Font","Category":"Design","InvariantScript":"TypeButtonColours.Font","RuleProviderType":"Unknown"},{"Property":"FontWeight","Category":"Design","InvariantScript":"FontWeight.Semibold","RuleProviderType":"Unknown"},{"Property":"Align","Category":"Design","InvariantScript":"Align.Center","RuleProviderType":"Unknown"},{"Property":"VerticalAlign","Category":"Design","InvariantScript":"VerticalAlign.Middle","RuleProviderType":"Unknown"},{"Property":"Y","Category":"Design","InvariantScript":"863","RuleProviderType":"Unknown"},{"Property":"Width","Category":"Design","InvariantScript":"203","RuleProviderType":"Unknown"},{"Property":"Height","Category":"Design","InvariantScript":"195","RuleProviderType":"Unknown"},{"Property":"ZIndex","Category":"Design","InvariantScript":"4","RuleProviderType":"Unknown"},{"Property":"Size","Category":"Design","InvariantScript":"24","RuleProviderType":"Unknown"},{"Property":"RadiusBottomLeft","Category":"Design","InvariantScript":"10","RuleProviderType":"Unknown"},{"Property":"FocusedBorderThickness","Category":"Design","InvariantScript":"4","RuleProviderType":"Unknown"},{"Property":"Underline","Category":"Design","InvariantScript":"false","RuleProviderType":"Unknown"},{"Property":"RadiusBottomRight","Category":"Design","InvariantScript":"10","RuleProviderType":"Unknown"},{"Property":"RadiusTopRight","Category":"Design","InvariantScript":"10","RuleProviderType":"Unknown"},{"Property":"RadiusTopLeft","Category":"Design","InvariantScript":"10","RuleProviderType":"Unknown"},{"Property":"X","Category":"Design","InvariantScript":"382","RuleProviderType":"Unknown"},{"Property":"Italic","Category":"Design","InvariantScript":"false","RuleProviderType":"Unknown"},{"Property":"Strikethrough","Category":"Design","InvariantScript":"false","RuleProviderType":"Unknown"},{"Property":"OnSelect","Category":"Behavior","InvariantScript":"Navigate([@ProductTypeSearchScreen],Fade)","RuleProviderType":"Unknown"}],"ControlPropertyState":[{"InvariantPropertyName":"Text","AutoRuleBindingEnabled":false,"AutoRuleBindingString":"\"Button\"","NameMapSourceSchema":"?","IsLockable":false,"AFDDataSourceName":""},{"InvariantPropertyName":"BorderColor","AutoRuleBindingEnabled":false,"AutoRuleBindingString":"ColorFade(Self.Fill, -15%)","NameMapSourceSchema":"?","IsLockable":false,"AFDDataSourceName":""},{"InvariantPropertyName":"DisabledBorderColor","AutoRuleBindingEnabled":false,"AutoRuleBindingString":"RGBA(166, 166, 166, 1)","NameMapSourceSchema":"?","IsLockable":false,"AFDDataSourceName":""},{"InvariantPropertyName":"PressedBorderColor","AutoRuleBindingEnabled":false,"AutoRuleBindingString":"Self.Fill","NameMapSourceSchema":"?","IsLockable":false,"AFDDataSourceName":""},{"InvariantPropertyName":"HoverBorderColor","AutoRuleBindingEnabled":false,"AutoRuleBindingString":"ColorFade(Self.BorderColor, 20%)","NameMapSourceSchema":"?","IsLockable":false,"AFDDataSourceName":""},"BorderStyle","FocusedBorderColor",{"InvariantPropertyName":"Color","AutoRuleBindingEnabled":false,"AutoRuleBindingString":"RGBA(255, 255, 255, 1)","NameMapSourceSchema":"?","IsLockable":false,"AFDDataSourceName":""},{"InvariantPropertyName":"DisabledColor","AutoRuleBindingEnabled":false,"AutoRuleBindingString":"RGBA(166, 166, 166, 1)","NameMapSourceSchema":"?","IsLockable":false,"AFDDataSourceName":""},{"InvariantPropertyName":"PressedColor","AutoRuleBindingEnabled":false,"AutoRuleBindingString":"Self.Fill","NameMapSourceSchema":"?","IsLockable":false,"AFDDataSourceName":""},{"InvariantPropertyName":"HoverColor","AutoRuleBindingEnabled":false,"AutoRuleBindingString":"RGBA(255, 255, 255, 1)","NameMapSourceSchema":"?","IsLockable":false,"AFDDataSourceName":""},"DisplayMode",{"InvariantPropertyName":"Fill","AutoRuleBindingEnabled":false,"AutoRuleBindingString":"","NameMapSourceSchema":"?","IsLockable":false,"AFDDataSourceName":""},"DisabledFill",{"InvariantPropertyName":"PressedFill","AutoRuleBindingEnabled":false,"AutoRuleBindingString":"Self.Color","NameMapSourceSchema":"?","IsLockable":false,"AFDDataSourceName":""},{"InvariantPropertyName":"HoverFill","AutoRuleBindingEnabled":false,"AutoRuleBindingString":"ColorFade(RGBA(56, 96, 178, 1), -20%)","NameMapSourceSchema":"?","IsLockable":false,"AFDDataSourceName":""},{"InvariantPropertyName":"Font","AutoRuleBindingEnabled":false,"AutoRuleBindingString":"Font.'Open Sans'","NameMapSourceSchema":"?","IsLockable":false,"AFDDataSourceName":""},"FontWeight","Align","VerticalAlign","X","Y","Width","Height","ZIndex","RadiusTopLeft","RadiusTopRight","RadiusBottomLeft","RadiusBottomRight","BorderThickness","FocusedBorderThickness","Size","Italic","Underline","Strikethrough",{"InvariantPropertyName":"OnSelect","AutoRuleBindingEnabled":false,"AutoRuleBindingString":"false","NameMapSourceSchema":"?","IsLockable":false,"AFDDataSourceName":""}],"IsLocked":false,"ControlUniqueId":"12","Children":[]},{"Type":"ControlInfo","Name":"Top Bar","HasDynamicProperties":false,"Template":{"Id":"http://microsoft.com/appmagic/group","Version":"1","LastModifiedTimestamp":"0","Name":"group","FirstParty":true,"IsPremiumPcfControl":false,"IsCustomGroupControlTemplate":false,"CustomGroupControlTemplateName":"","IsComponentDefinition":false,"OverridableProperties":{}},"Index":0.0,"PublishOrderIndex":1,"VariantName":"","LayoutName":"","MetaDataIDKey":"","PersistMetaDataIDKey":false,"IsFromScreenLayout":false,"StyleName":"","Parent":"Home Screen","IsDataControl":false,"IsGroupControl":true,"IsAutoGenerated":false,"Rules":[{"Property":"ZIndex","Category":"Design","InvariantScript":"4","RuleProviderType":"Unknown"},{"Property":"Height","Category":"Design","InvariantScript":"5","RuleProviderType":"Unknown"},{"Property":"Width","Category":"Design","InvariantScript":"5","RuleProviderType":"Unknown"},{"Property":"Y","Category":"Design","InvariantScript":"40","RuleProviderType":"Unknown"},{"Property":"X","Category":"Design","InvariantScript":"40","RuleProviderType":"Unknown"}],"ControlPropertyState":["X","Y","Width","Height","ZIndex"],"IsLocked":false,"ControlUniqueId":"13","Children":[],"GroupedControlsKey":["Main Logo","TopBar_1","TopBar"]}]}}