{"Author":"","Name":"Stylish+You+-+RSMA.msapp","Id":"17343df3-6bbf-45a6-b538-3f722c44341e","FileID":"4ee706cd-7cc9-4d46-bfad-ea3f5c76e8c4","LocalConnectionReferences":"{\"14d8afda-e0c7-4102-a608-2e4e971b764e\":{\"id\":\"14d8afda-e0c7-4102-a608-2e4e971b764e\",\"connectionInstanceId\":\"/providers/microsoft.powerapps/apis/shared_excel/connections/7b255b1eca4747b3b5a02dd5d02ab37e\",\"dataSources\":[\"OurProducts\"],\"datasets\":{\"b!fdDLq04XNEidlYH2KxWSpzqov4vxbm5Gq9WIYJ0n50imWs2qMhF9RLvuO8LVXkjw.01HZBJ6KLXDGO3KXIETNDZ2PJKT36AQDT5\":{\"dataSources\":{\"OurProducts\":{\"tableName\":\"OurProducts\"}}}},\"dependencies\":{\"fileSource\":\"61be5ce5-c80a-4e10-b981-e40bdc821ddd\"},\"connectionParameters\":{},\"dependents\":[],\"connectionRef\":{\"id\":\"/providers/microsoft.powerapps/apis/shared_excel\",\"displayName\":\"Excel\",\"iconUri\":\"https://connectoricons-prod.azureedge.net/releases/v1.0.1440/1.0.1440.2331/excel/icon.png\",\"parameterHints\":{\"61be5ce5-c80a-4e10-b981-e40bdc821ddd\":{\"value\":\"fileSource\"}},\"apiTier\":\"Standard\"}},\"61be5ce5-c80a-4e10-b981-e40bdc821ddd\":{\"id\":\"61be5ce5-c80a-4e10-b981-e40bdc821ddd\",\"connectionInstanceId\":\"/providers/microsoft.powerapps/apis/shared_onedriveforbusiness/connections/6e015bb99e904c619db8d9f71b1e0198\",\"dataSources\":[],\"datasets\":{},\"dependencies\":{},\"connectionParameters\":{\"sku\":\"Enterprise\"},\"dependents\":[\"14d8afda-e0c7-4102-a608-2e4e971b764e\"],\"connectionRef\":{\"id\":\"/providers/microsoft.powerapps/apis/shared_onedriveforbusiness\",\"displayName\":\"OneDrive for Business\",\"iconUri\":\"https://connectoricons-prod.azureedge.net/releases/v1.0.1439/1.0.1439.2325/onedriveforbusiness/icon.png\",\"parameterHints\":{},\"apiTier\":\"Standard\"}}}","LocalDatabaseReferences":"{\"default.cds\":{\"state\":\"Configured\",\"instanceUrl\":\"https://orgb27ffbca.crm11.dynamics.com/\",\"webApiVersion\":\"v9.0\",\"dataSources\":{\"OurProducts_1\":{\"entitySetName\":\"cr03a_ourproductses\",\"logicalName\":\"cr03a_ourproducts\"}}}}","LibraryDependencies":"[]","AppPreviewFlagsKey":["delayloadscreens","blockmovingcontrol","projectionmapping","usedisplaynamemetadata","usenonblockingonstartrule","enhancedgroupcontrol","useguiddatatypes","useexperimentalcdsconnector","useenforcesavedatalimits","componentauthoring","reliableconcurrent","dataTableV2Control","nativecdsexperimental","useexperimentalsqlconnector","enablecdsfileandlargeimage","formuladataprefetch","enhanceddelegation","aibuilderserviceenrollment","enablesummerlandgeospatialfeatures","enablesummerlandmixedrealityfeatures"],"DocumentLayoutWidth":640,"DocumentLayoutHeight":1136,"DocumentLayoutOrientation":"portrait","DocumentLayoutScaleToFit":true,"DocumentLayoutMaintainAspectRatio":true,"DocumentLayoutLockOrientation":true,"OriginatingVersion":"1.301","DocumentAppType":"Phone","DocumentType":"App","AppCreationSource":"AppFromScratch","AppDescription":"Stock Management App for Stylish You.","DefaultConnectedDataSourceMaxGetRowsCount":500,"ContainsThirdPartyPcfControls":false,"ErrorCount":13,"InstrumentationKey":"","EnableInstrumentation":false,"ControlCount":{"screen":14,"rectangle":27,"image":13,"button":35,"group":25,"label":50,"combobox":25,"text":12,"icon":6,"dataTable":6,"dataTableColumn":20},"DeserializationLoadTime":3.7036763,"AnalysisLoadTime":1.486037}