{"Resources":[{"Name":"SampleImage","Schema":"i","IsSampleData":true,"IsWritable":false,"Type":"ResourceInfo","FileName":"/ctrllib/image/images/SampleImage.svg","Path":"/ctrllib/image/images/SampleImage.svg","Content":"Image","ResourceKind":"Uri","RootPath":"ms-appx:///ctrllib/image/images/SampleImage.svg"},{"Name":"StylishYou_Logo_Main","Schema":"i","IsSampleData":false,"IsWritable":false,"Type":"ResourceInfo","FileName":"0001.png","Path":"Assets\\Images\\0001.png","Content":"Image","ResourceKind":"LocalFile","RootPath":"https://docserverpaaprodsuk.blob.core.windows.net/2ec98f72-74b2-4c28-a945-995583d80d02-1/resource/Assets0Images00001.png?sv=2017-04-17&sr=b&sig=WrRqa8zrlsb4xAfpmZ5IK%2BnT3M3LqUYBWxxya5SqouA%3D&spr=https&se=2021-03-05T10%3A49%3A45Z&sp=r"},{"Name":"StylishYou_Logo_Green","Schema":"i","IsSampleData":false,"IsWritable":false,"Type":"ResourceInfo","FileName":"0002.png","Path":"Assets\\Images\\0002.png","Content":"Image","ResourceKind":"LocalFile","RootPath":"https://docserverpaaprodsuk.blob.core.windows.net/2ec98f72-74b2-4c28-a945-995583d80d02-1/resource/Assets0Images00002.png?sv=2017-04-17&sr=b&sig=ccZYiPQJaGs%2BcsDrlPCiFTOddvvhRHb8j6VZBtGtrfE%3D&spr=https&se=2021-03-05T10%3A49%3A45Z&sp=r"},{"Name":"StylishYou_Logo_Orange","Schema":"i","IsSampleData":false,"IsWritable":false,"Type":"ResourceInfo","FileName":"0003.png","Path":"Assets\\Images\\0003.png","Content":"Image","ResourceKind":"LocalFile","RootPath":"https://docserverpaaprodsuk.blob.core.windows.net/2ec98f72-74b2-4c28-a945-995583d80d02-1/resource/Assets0Images00003.png?sv=2017-04-17&sr=b&sig=i%2FVlKL1DXnd7zrGVt4rERm2bYQZlVXjhsaKQXwm5Y5k%3D&spr=https&se=2021-03-05T10%3A49%3A45Z&sp=r"},{"Name":"StylishYou_Logo_Red","Schema":"i","IsSampleData":false,"IsWritable":false,"Type":"ResourceInfo","FileName":"0004.png","Path":"Assets\\Images\\0004.png","Content":"Image","ResourceKind":"LocalFile","RootPath":"https://docserverpaaprodsuk.blob.core.windows.net/2ec98f72-74b2-4c28-a945-995583d80d02-1/resource/Assets0Images00004.png?sv=2017-04-17&sr=b&sig=LDHgMFWwnsRe946B24O7XqpyQi%2B1R4vaOLN8ToaGMTk%3D&spr=https&se=2021-03-05T10%3A49%3A45Z&sp=r"}]}